SYMBOL, SERIES, DATE1, PREV_CLOSE, OPEN_PRICE, HIGH_PRICE, LOW_PRICE, LAST_PRICE, CLOSE_PRICE, AVG_PRICE, TTL_TRD_QNTY, TURNOVER_LACS, NO_OF_TRADES, DELIV_QTY, DELIV_PER
1018GS2026, GS, 12-Feb-2026, 105.05, 109.00, 109.00, 106.00, 106.00, 106.00, 107.54, 100, 0.11, 4, 100, 100.00
20MICRONS, EQ, 12-Feb-2026, 188.07, 188.07, 195.34, 185.29, 186.00, 187.23, 190.26, 221335, 421.12, 4390, 88540, 40.00
21STCENMGM, EQ, 12-Feb-2026, 38.90, 38.80, 39.67, 38.20, 38.40, 38.78, 38.56, 1862, 0.72, 61, 1173, 63.00
360ONE, EQ, 12-Feb-2026, 1138.40, 1135.00, 1146.80, 1110.60, 1142.10, 1144.40, 1133.25, 568928, 6447.40, 25941, 280246, 49.26
3IINFOLTD, EQ, 12-Feb-2026, 16.04, 15.96, 15.96, 15.39, 15.66, 15.50, 15.59, 282591, 44.06, 1524, 179503, 63.52
3MINDIA, EQ, 12-Feb-2026, 37580.00, 37880.00, 37880.00, 35800.00, 37515.00, 37515.00, 37439.23, 21762, 8147.52, 7420, 10857, 49.89
3PLAND, EQ, 12-Feb-2026, 34.98, 34.98, 35.20, 34.03, 34.75, 34.48, 34.48, 1821, 0.63, 49, 1100, 60.41
563GS2026, GS, 12-Feb-2026, 101.85, 101.87, 101.87, 101.71, 101.71, 101.71, 101.79, 101, 0.10, 3, 51, 50.50
579GS2030, GS, 12-Feb-2026, 99.30, 97.28, 97.28, 96.00, 96.00, 96.35, 96.36, 3000, 2.89, 6, 3000, 100.00
585GS2030, GS, 12-Feb-2026, 96.12, 97.34, 97.50, 96.12, 97.50, 97.50, 96.57, 1600, 1.55, 5, 1200, 75.00
591GS2028, GS, 12-Feb-2026, 99.16, 99.16, 99.16, 99.16, 99.16, 99.16, 99.16, 50, 0.05, 1, 50, 100.00
5PAISA, EQ, 12-Feb-2026, 333.25, 333.00, 337.85, 329.20, 331.25, 331.20, 332.19, 33422, 111.02, 1554, 17025, 50.94
601GS2030, GS, 12-Feb-2026, 98.25, 98.25, 99.00, 98.25, 99.00, 99.00, 98.31, 1740, 1.71, 4, 1600, 91.95
622GS2035, GS, 12-Feb-2026, 99.00, 97.37, 97.37, 96.29, 96.29, 96.29, 96.40, 1000, 0.96, 3, 1000, 100.00
628GS2032, GS, 12-Feb-2026, 97.00, 98.70, 98.70, 98.70, 98.70, 98.70, 98.70, 5000, 4.94, 1, 5000, 100.00
633GS2035, GS, 12-Feb-2026, 99.65, 99.70, 99.70, 99.70, 99.70, 99.70, 99.70, 2000, 1.99, 1, 2000, 100.00
63MOONS, EQ, 12-Feb-2026, 701.15, 701.00, 701.00, 684.50, 690.00, 688.70, 691.17, 59957, 414.40, 3635, 25039, 41.76
648GS2035, GS, 12-Feb-2026, 99.90, 99.90, 99.90, 99.90, 99.90, 99.90, 99.90, 100, 0.10, 4, 100, 100.00
654GS2032, GS, 12-Feb-2026, 100.00, 100.20, 100.45, 100.20, 100.45, 100.45, 100.39, 9000, 9.04, 3, 9000, 100.00
664GS2027, GS, 12-Feb-2026, 102.14, 101.41, 101.41, 101.41, 101.41, 101.41, 101.41, 75, 0.08, 1, 75, 100.00
667GS2035, GS, 12-Feb-2026, 101.39, 100.50, 101.00, 100.06, 100.50, 100.50, 100.34, 2395, 2.40, 10, 1300, 54.28
667GS2050, GS, 12-Feb-2026, 92.50, 92.98, 92.98, 92.70, 92.98, 92.98, 92.71, 141, 0.13, 16, 141, 100.00
668GS2040, GS, 12-Feb-2026, 97.00, 96.80, 96.80, 96.39, 96.40, 96.40, 96.41, 21406, 20.64, 11, 21406, 100.00
675GS2029, GS, 12-Feb-2026, 102.50, 101.65, 101.65, 101.65, 101.65, 101.65, 101.65, 100, 0.10, 1, 100, 100.00
676GS2061, GS, 12-Feb-2026, 94.15, 93.75, 94.50, 93.75, 94.50, 94.50, 93.84, 1253, 1.18, 2, 1253, 100.00
679GS2031, GS, 12-Feb-2026, 100.50, 101.25, 101.25, 101.25, 101.25, 101.25, 101.25, 9000, 9.11, 3, 9000, 100.00
68GS2060, GS, 12-Feb-2026, 91.58, 92.88, 93.20, 92.00, 92.99, 92.03, 92.28, 1717, 1.58, 13, 1712, 99.71
690GS2065, GS, 12-Feb-2026, 94.85, 94.94, 94.99, 94.51, 94.98, 94.98, 94.91, 3490, 3.31, 5, 3490, 100.00
695GS2061, GS, 12-Feb-2026, 94.50, 94.80, 94.80, 94.50, 94.50, 94.50, 94.50, 2901, 2.74, 2, 2901, 100.00
698GR2054, GS, 12-Feb-2026, 94.99, 94.00, 95.49, 93.50, 95.49, 95.49, 95.39, 6390, 6.10, 4, 6310, 98.75
699GS2051, GS, 12-Feb-2026, 96.50, 96.00, 96.52, 96.00, 96.52, 96.30, 96.35, 21500, 20.72, 16, 21100, 98.14
702GS2027, GS, 12-Feb-2026, 102.01, 101.93, 102.50, 101.93, 102.22, 102.22, 102.03, 3861, 3.94, 7, 3859, 99.95
702GS2031, GS, 12-Feb-2026, 101.31, 101.31, 101.42, 101.31, 101.42, 101.42, 101.31, 1850, 1.87, 2, 1850, 100.00
704GS2029, GS, 12-Feb-2026, 103.05, 103.05, 103.10, 103.01, 103.10, 103.10, 103.09, 5600, 5.77, 4, 5600, 100.00
706GS2028, GS, 12-Feb-2026, 103.80, 103.80, 103.80, 103.75, 103.75, 103.75, 103.75, 23100, 23.97, 4, 23100, 100.00
709GS2054, GS, 12-Feb-2026, 97.01, 97.80, 97.80, 96.75, 97.10, 97.10, 97.19, 1988, 1.93, 19, 1988, 100.00
709GS2074, GS, 12-Feb-2026, 96.48, 96.70, 96.70, 96.05, 96.70, 96.60, 96.42, 64337, 62.03, 98, 63888, 99.30
710GS2029, GS, 12-Feb-2026, 104.87, 104.50, 104.90, 104.50, 104.90, 104.90, 104.87, 11118, 11.66, 5, 11118, 100.00
717GS2030, GS, 12-Feb-2026, 104.89, 104.00, 105.25, 104.00, 105.25, 105.25, 104.40, 11135, 11.63, 5, 11135, 100.00
718GS2037, GS, 12-Feb-2026, 102.25, 101.96, 102.30, 101.96, 102.27, 102.27, 102.26, 10000, 10.23, 3, 10000, 100.00
719GS2060, GS, 12-Feb-2026, 99.10, 100.50, 100.50, 100.50, 100.50, 100.50, 100.50, 1019, 1.02, 1, 1019, 100.00
724GS2055, GS, 12-Feb-2026, 102.70, 101.75, 102.65, 101.61, 102.00, 102.00, 101.91, 9328, 9.51, 17, 8323, 89.23
725GS2063, GS, 12-Feb-2026, 98.32, 98.80, 98.80, 98.25, 98.29, 98.44, 98.36, 114892, 113.01, 143, 111450, 97.00
726GS2032, GS, 12-Feb-2026, 106.19, 106.30, 106.70, 106.30, 106.65, 106.65, 106.44, 62100, 66.10, 6, 61300, 98.71
726GS2033, GS, 12-Feb-2026, 102.89, 103.00, 103.00, 102.95, 102.95, 102.95, 102.95, 10000, 10.30, 3, 10000, 100.00
727GS2026, GS, 12-Feb-2026, 102.75, 100.18, 102.80, 100.18, 102.80, 102.80, 102.72, 33, 0.03, 6, 32, 96.97
732GS2030, GS, 12-Feb-2026, 105.00, 103.95, 104.01, 103.95, 104.01, 104.01, 103.95, 2400, 2.49, 3, 2400, 100.00
733GS2026, GS, 12-Feb-2026, 102.50, 102.50, 103.14, 102.50, 103.14, 103.14, 103.12, 6798, 7.01, 3, 6798, 100.00
734GS2064, GS, 12-Feb-2026, 100.35, 100.35, 100.39, 99.50, 99.50, 99.67, 99.92, 63306, 63.25, 50, 55735, 88.04
737GS2028, GS, 12-Feb-2026, 105.00, 104.06, 104.23, 104.06, 104.23, 104.23, 104.09, 3700, 3.85, 6, 3700, 100.00
738GS2027, GS, 12-Feb-2026, 102.94, 102.94, 103.15, 102.94, 103.13, 103.05, 103.06, 91473, 94.27, 34, 91320, 99.83
73GS2053, GS, 12-Feb-2026, 99.71, 100.89, 100.89, 99.60, 99.60, 99.60, 99.66, 5001, 4.98, 10, 5001, 100.00
741GS2036, GS, 12-Feb-2026, 105.00, 104.35, 105.60, 104.32, 104.95, 104.50, 104.38, 3631, 3.79, 9, 3623, 99.78
743GS2076, GS, 12-Feb-2026, 102.00, 101.00, 101.50, 101.00, 101.50, 101.50, 101.43, 585, 0.59, 5, 585, 100.00
746GS2073, GS, 12-Feb-2026, 101.50, 102.00, 102.00, 101.45, 101.45, 101.45, 101.48, 100, 0.10, 3, 100, 100.00
74GS2062, GS, 12-Feb-2026, 101.48, 101.99, 101.99, 101.50, 101.99, 101.99, 101.50, 6736, 6.84, 9, 6736, 100.00
754GS2036, GS, 12-Feb-2026, 106.80, 106.95, 107.01, 106.81, 107.01, 106.99, 106.98, 497625, 532.37, 140, 497025, 99.88
757GS2033, GS, 12-Feb-2026, 105.30, 105.35, 105.35, 105.35, 105.35, 105.35, 105.35, 1, 0.00, 1, 1, 100.00
824GS2033, GS, 12-Feb-2026, 110.45, 109.45, 109.45, 109.45, 109.45, 109.45, 109.45, 18100, 19.81, 2, 18100, 100.00
832GS2032, GS, 12-Feb-2026, 109.00, 108.65, 108.65, 108.65, 108.65, 108.65, 108.65, 2, 0.00, 2, 2, 100.00
83GS2040, GS, 12-Feb-2026, 112.73, 110.00, 110.00, 110.00, 110.00, 110.00, 110.00, 28, 0.03, 1, 28, 100.00
83GS2042, GS, 12-Feb-2026, 108.51, 110.50, 110.50, 110.00, 110.00, 110.00, 110.06, 1430, 1.57, 2, 1430, 100.00
883GS2041, GS, 12-Feb-2026, 116.40, 116.40, 117.60, 116.40, 117.60, 117.60, 116.41, 1005, 1.17, 8, 1005, 100.00
897GS2030, GS, 12-Feb-2026, 113.50, 113.50, 113.50, 113.50, 113.50, 113.50, 113.50, 2001, 2.27, 2, 2001, 100.00
92GS2030, GS, 12-Feb-2026, 114.74, 114.74, 114.74, 114.70, 114.74, 114.74, 114.72, 19354, 22.20, 9, 19354, 100.00
A2ZINFRA, EQ, 12-Feb-2026, 15.19, 15.75, 15.75, 14.75, 14.78, 14.80, 14.94, 136584, 20.41, 373, 102760, 75.24
AAATECH, BE, 12-Feb-2026, 106.22, 107.49, 111.53, 107.49, 111.53, 111.53, 110.77, 12911, 14.30, 206, -, -
AADHARHFC, EQ, 12-Feb-2026, 472.60, 472.60, 476.00, 468.70, 469.10, 471.00, 471.25, 174451, 822.11, 11708, 122146, 70.02
AAKAAR, SM, 12-Feb-2026, 51.00, 52.00, 53.00, 48.55, 50.00, 50.00, 50.14, 19200, 9.63, 10, 9600, 50.00
AAKASH, EQ, 12-Feb-2026, 7.98, 8.14, 8.23, 7.82, 7.99, 7.96, 8.02, 72243, 5.79, 350, 50612, 70.06
AARADHYA, SM, 12-Feb-2026, 115.00, 113.00, 113.00, 111.00, 112.00, 112.00, 111.79, 8400, 9.39, 7, 6000, 71.43
AAREYDRUGS, EQ, 12-Feb-2026, 67.97, 66.75, 71.50, 66.22, 69.65, 70.94, 69.94, 608739, 425.78, 2455, 375327, 61.66
AARON, EQ, 12-Feb-2026, 162.05, 162.87, 163.20, 159.00, 160.10, 159.16, 160.29, 4795, 7.69, 268, 2747, 57.29
AARTECH, EQ, 12-Feb-2026, 49.84, 50.96, 50.96, 47.50, 48.39, 48.24, 48.36, 35918, 17.37, 523, 24383, 67.89
AARTIDRUGS, EQ, 12-Feb-2026, 375.25, 376.65, 377.60, 372.55, 374.30, 375.15, 375.10, 58730, 220.30, 2147, 34583, 58.88
AARTIIND, EQ, 12-Feb-2026, 467.15, 466.10, 468.00, 461.00, 463.00, 465.60, 464.33, 870683, 4042.87, 30396, 337203, 38.73
AARTIPHARM, EQ, 12-Feb-2026, 749.85, 745.80, 745.80, 694.00, 711.40, 710.85, 710.54, 640813, 4553.26, 30323, 247753, 38.66
AARTISURF, EQ, 12-Feb-2026, 434.90, 428.10, 434.55, 422.60, 422.60, 425.80, 429.44, 5553, 23.85, 528, 3318, 59.75
AARTISURF, P1, 12-Feb-2026, 195.45, 156.55, 197.00, 156.55, 192.80, 192.80, 182.12, 15, 0.03, 4, 5, 33.33
AARVI, EQ, 12-Feb-2026, 131.63, 133.50, 135.30, 127.00, 130.00, 130.78, 131.59, 99629, 131.10, 2935, 30275, 30.39
AATMAJ, SM, 12-Feb-2026, 20.00, 20.50, 20.50, 20.50, 20.50, 20.50, 20.50, 2000, 0.41, 1, 2000, 100.00
AAVAS, EQ, 12-Feb-2026, 1309.90, 1309.90, 1320.00, 1294.10, 1300.50, 1308.50, 1310.28, 246242, 3226.46, 17589, 169365, 68.78
ABAN, BE, 12-Feb-2026, 21.48, 21.95, 21.95, 21.01, 21.27, 21.11, 21.19, 36020, 7.63, 216, -, -
ABB, EQ, 12-Feb-2026, 5825.50, 5819.00, 5864.50, 5760.00, 5795.00, 5788.50, 5789.82, 169801, 9831.17, 16847, 99312, 58.49
ABBOTINDIA, EQ, 12-Feb-2026, 26915.00, 27135.00, 27135.00, 26550.00, 26640.00, 26660.00, 26720.41, 14882, 3976.53, 6866, 5861, 39.38
ABCAPITAL, EQ, 12-Feb-2026, 344.25, 342.55, 346.30, 340.15, 342.60, 344.65, 343.90, 5135493, 17661.10, 42727, 2792477, 54.38
ABCOTS, EQ, 12-Feb-2026, 437.90, 426.95, 441.70, 426.95, 427.00, 431.55, 434.77, 10063, 43.75, 465, 3022, 30.03
ABDL, EQ, 12-Feb-2026, 513.10, 515.00, 544.00, 515.00, 535.20, 538.40, 534.22, 1107401, 5915.90, 32405, 441575, 39.87
ABFRL, EQ, 12-Feb-2026, 70.89, 71.25, 71.26, 69.50, 69.98, 70.04, 70.19, 2416919, 1696.42, 16371, 807986, 33.43
ABGSEC, EQ, 12-Feb-2026, 110.97, 111.62, 111.62, 111.62, 111.62, 111.62, 111.62, 5, 0.01, 2, 5, 100.00
ABHAPOWER, SM, 12-Feb-2026, 31.95, 32.05, 32.05, 32.00, 32.00, 32.00, 32.03, 3200, 1.02, 2, 3200, 100.00
ABINFRA, EQ, 12-Feb-2026, 21.42, 21.88, 21.88, 19.71, 20.20, 20.22, 20.25, 1552701, 314.39, 3141, 835922, 53.84
ABLBL, EQ, 12-Feb-2026, 115.24, 115.50, 115.50, 113.03, 114.01, 114.15, 114.20, 461253, 526.77, 7497, 229382, 49.73
ABMINTLLTD, EQ, 12-Feb-2026, 56.64, 56.50, 61.40, 53.30, 53.30, 55.51, 57.02, 10140, 5.78, 331, 3690, 36.39
ABREL, EQ, 12-Feb-2026, 1442.40, 1446.30, 1460.00, 1410.90, 1412.00, 1415.20, 1418.41, 62366, 884.61, 7030, 29541, 47.37
ABSLAMC, EQ, 12-Feb-2026, 860.85, 864.55, 876.45, 856.00, 868.65, 871.40, 870.95, 578325, 5036.94, 29167, 352651, 60.98
ABSLBANETF, EQ, 12-Feb-2026, 61.91, 62.44, 62.51, 61.39, 62.15, 62.10, 62.14, 347078, 215.67, 512, 336251, 96.88
ABSLLIQUID, EQ, 12-Feb-2026, 999.99, 1000.00, 1000.01, 999.99, 1000.01, 1000.00, 999.99, 3165, 31.65, 20, 2624, 82.91
ABSLNN50ET, EQ, 12-Feb-2026, 73.48, 73.25, 73.37, 72.08, 72.15, 72.43, 72.96, 15685, 11.44, 216, 13331, 84.99
ABSLPSE, EQ, 12-Feb-2026, 10.75, 10.75, 10.78, 10.62, 10.68, 10.65, 10.67, 420907, 44.89, 687, 334445, 79.46
ABSMARINE, SM, 12-Feb-2026, 184.55, 182.00, 184.50, 180.05, 183.45, 183.10, 182.23, 44000, 80.18, 72, 33500, 76.14
ACC, EQ, 12-Feb-2026, 1698.00, 1703.90, 1703.90, 1665.50, 1671.10, 1671.30, 1679.48, 117026, 1965.43, 8708, 57820, 49.41
ACCELYA, EQ, 12-Feb-2026, 1216.00, 1217.00, 1218.70, 1202.00, 1206.00, 1208.60, 1209.27, 22006, 266.11, 1615, 12969, 58.93
ACCENTMIC, SM, 12-Feb-2026, 329.20, 331.00, 331.95, 325.00, 326.00, 326.80, 327.90, 15500, 50.82, 28, 12000, 77.42
ACCORD, SM, 12-Feb-2026, 28.00, 27.00, 27.00, 27.00, 27.00, 27.00, 27.00, 2000, 0.54, 1, 2000, 100.00
ACCPL, ST, 12-Feb-2026, 67.80, 68.40, 68.40, 68.20, 68.20, 68.20, 68.29, 4800, 3.28, 4, 4800, 100.00
ACCURACY, EQ, 12-Feb-2026, 5.18, 5.11, 5.25, 5.11, 5.22, 5.19, 5.21, 30027, 1.56, 241, 22623, 75.34
ACE, EQ, 12-Feb-2026, 912.55, 912.00, 917.25, 898.00, 901.50, 904.70, 908.67, 131791, 1197.55, 10187, 44506, 33.77
ACEINTEG, EQ, 12-Feb-2026, 20.68, 20.88, 20.88, 19.40, 19.64, 20.14, 20.02, 3265, 0.65, 113, 1882, 57.64
ACI, EQ, 12-Feb-2026, 594.65, 594.60, 594.60, 576.60, 577.00, 581.50, 583.11, 142950, 833.56, 5347, 77854, 54.46
ACL, EQ, 12-Feb-2026, 59.36, 60.00, 60.80, 54.68, 56.00, 56.70, 56.73, 47641, 27.02, 828, 28157, 59.10
ACMESOLAR, EQ, 12-Feb-2026, 228.74, 228.11, 229.00, 222.30, 224.00, 223.96, 225.47, 257009, 579.49, 6943, 116644, 45.39
ACUTAAS, EQ, 12-Feb-2026, 2033.50, 2043.60, 2105.00, 2027.10, 2101.00, 2093.40, 2077.86, 564241, 11724.13, 46930, 343495, 60.88
ADANIENPP1, E1, 12-Feb-2026, 1749.80, 1732.00, 1754.80, 1718.00, 1720.00, 1726.30, 1724.46, 79967, 1379.00, 1161, 67718, 84.68
ADANIENSOL, EQ, 12-Feb-2026, 1033.80, 1030.00, 1037.00, 1020.00, 1021.10, 1022.80, 1025.82, 772484, 7924.30, 22305, 288089, 37.29
ADANIENT, EQ, 12-Feb-2026, 2234.40, 2229.00, 2229.50, 2201.00, 2209.00, 2211.80, 2210.84, 649585, 14361.29, 33140, 168415, 25.93
ADANIGREEN, EQ, 12-Feb-2026, 994.75, 992.45, 999.60, 980.05, 996.50, 997.65, 990.71, 1250477, 12388.56, 24363, 466053, 37.27
ADANIPORTS, EQ, 12-Feb-2026, 1553.40, 1542.10, 1551.00, 1532.50, 1543.40, 1543.70, 1540.72, 1107584, 17064.75, 50330, 525842, 47.48
ADANIPOWER, EQ, 12-Feb-2026, 150.91, 150.47, 150.75, 148.75, 149.65, 149.79, 149.62, 8553724, 12797.75, 53916, 3056106, 35.73
ADDICTIVE, SM, 12-Feb-2026, 106.15, 108.00, 111.00, 108.00, 111.00, 111.00, 110.29, 5000, 5.51, 10, 5000, 100.00
ADFFOODS, EQ, 12-Feb-2026, 223.37, 223.80, 223.80, 217.00, 217.06, 217.35, 219.28, 87785, 192.50, 2197, 41184, 46.91
ADL, EQ, 12-Feb-2026, 72.51, 74.69, 74.69, 72.55, 72.55, 72.55, 73.36, 190, 0.14, 14, 129, 67.89
ADOR, EQ, 12-Feb-2026, 1084.60, 1085.80, 1089.40, 1067.20, 1079.70, 1074.20, 1077.25, 5433, 58.53, 1089, 2549, 46.92
ADROITINFO, EQ, 12-Feb-2026, 9.92, 9.92, 10.21, 9.85, 10.10, 9.97, 9.95, 28505, 2.84, 119, 24650, 86.48
ADSL, EQ, 12-Feb-2026, 128.62, 128.00, 128.00, 124.60, 124.99, 125.23, 125.90, 111874, 140.85, 2300, 55307, 49.44
ADVAIT, EQ, 12-Feb-2026, 1790.20, 1820.00, 1885.00, 1740.00, 1770.00, 1785.30, 1803.14, 132687, 2392.54, 12010, 38124, 28.73
ADVANCE, EQ, 12-Feb-2026, 133.56, 134.00, 141.90, 131.99, 138.00, 138.12, 138.80, 2790165, 3872.88, 13097, 873445, 31.30
ADVANIHOTR, EQ, 12-Feb-2026, 56.52, 56.00, 56.94, 55.57, 55.70, 55.87, 56.01, 25059, 14.04, 794, 15919, 63.53
ADVENTHTL, EQ, 12-Feb-2026, 221.10, 217.80, 224.07, 216.65, 217.50, 218.70, 219.77, 59877, 131.59, 1645, 30878, 51.57
ADVENZYMES, EQ, 12-Feb-2026, 311.20, 309.10, 310.80, 302.40, 308.00, 306.10, 305.94, 58749, 179.74, 2196, 29481, 50.18
AEGISLOG, EQ, 12-Feb-2026, 716.35, 716.70, 716.75, 703.05, 711.00, 711.55, 710.06, 225991, 1604.67, 20486, 125254, 55.42
AEGISVOPAK, EQ, 12-Feb-2026, 219.12, 217.55, 218.95, 211.68, 212.50, 213.01, 214.28, 332567, 712.64, 7639, 144334, 43.40
AEQUS, EQ, 12-Feb-2026, 145.20, 145.20, 145.30, 142.61, 143.62, 143.62, 143.85, 534211, 768.47, 7037, 268191, 50.20
AEROENTER, EQ, 12-Feb-2026, 80.76, 81.30, 84.50, 79.51, 79.64, 80.00, 81.09, 431254, 349.71, 3373, 121351, 28.14
AEROFLEX, EQ, 12-Feb-2026, 191.82, 192.00, 197.38, 189.45, 192.37, 193.24, 194.32, 933012, 1813.07, 13710, 249906, 26.78
AERON, SM, 12-Feb-2026, 103.40, 102.00, 102.00, 98.15, 98.50, 98.50, 99.58, 13000, 12.95, 11, 10000, 76.92
AERONEU, EQ, 12-Feb-2026, 74.72, 72.31, 75.01, 68.22, 69.85, 69.94, 72.30, 76768, 55.50, 983, 56458, 73.54
AESTHETIK, SM, 12-Feb-2026, 86.00, 90.00, 90.00, 84.15, 84.85, 84.85, 85.44, 29000, 24.78, 29, 26000, 89.66
AETHER, EQ, 12-Feb-2026, 981.40, 987.60, 992.00, 961.00, 962.20, 966.40, 968.00, 99980, 967.80, 8897, 41189, 41.20
AFCONS, EQ, 12-Feb-2026, 342.10, 343.00, 343.00, 335.45, 337.45, 337.60, 337.62, 111913, 377.85, 6215, 49816, 44.51
AFFLE, EQ, 12-Feb-2026, 1650.30, 1651.10, 1654.70, 1615.00, 1622.00, 1623.50, 1626.06, 86233, 1402.20, 12209, 41115, 47.68
AFFORDABLE, EQ, 12-Feb-2026, 208.92, 198.89, 205.55, 194.18, 205.55, 199.54, 198.50, 58522, 116.17, 1370, 26596, 45.45
AFIL, EQ, 12-Feb-2026, 4.99, 5.03, 5.04, 4.94, 5.00, 4.97, 5.00, 309184, 15.45, 694, 230684, 74.61
AFSL, EQ, 12-Feb-2026, 202.37, 203.50, 203.50, 201.00, 201.00, 201.01, 201.37, 19526, 39.32, 589, 12551, 64.28
AGARIND, EQ, 12-Feb-2026, 718.75, 715.85, 718.70, 704.00, 707.60, 707.50, 709.82, 6210, 44.08, 554, 3227, 51.96
AGARWALEYE, EQ, 12-Feb-2026, 457.80, 455.00, 461.20, 453.55, 457.00, 459.25, 458.14, 43582, 199.67, 2958, 22132, 50.78
AGARWALTUF, SM, 12-Feb-2026, 100.15, 101.50, 101.50, 101.00, 101.30, 101.30, 101.28, 4800, 4.86, 4, 3600, 75.00
AGI, EQ, 12-Feb-2026, 645.55, 645.00, 647.85, 635.05, 636.30, 638.60, 640.50, 37477, 240.04, 3281, 17813, 47.53
AGIIL, EQ, 12-Feb-2026, 246.65, 247.85, 247.85, 240.00, 241.80, 240.60, 241.74, 326683, 789.73, 3828, 201126, 61.57
AGNI, SM, 12-Feb-2026, 19.40, 19.40, 20.25, 19.40, 20.25, 20.25, 19.68, 15000, 2.95, 6, 10000, 66.67
AGRITECH, BE, 12-Feb-2026, 136.43, 135.75, 139.49, 133.51, 134.51, 135.07, 136.23, 930, 1.27, 29, -, -
AGROPHOS, EQ, 12-Feb-2026, 35.52, 36.09, 36.10, 35.25, 35.79, 35.45, 35.72, 18627, 6.65, 165, 13191, 70.82
AGSTRA, BZ, 12-Feb-2026, 3.87, 3.92, 3.92, 3.75, 3.85, 3.84, 3.83, 122864, 4.70, 369, -, -
AGUL, SM, 12-Feb-2026, 80.80, 80.80, 80.80, 80.80, 80.80, 80.80, 80.80, 2000, 1.62, 1, 2000, 100.00
AHCL, EQ, 12-Feb-2026, 122.93, 122.95, 124.30, 121.21, 121.83, 122.44, 122.26, 80266, 98.13, 973, 47997, 59.80
AHLADA, EQ, 12-Feb-2026, 50.63, 51.70, 51.70, 49.21, 50.99, 50.31, 50.32, 11552, 5.81, 162, 6900, 59.73
AHLEAST, EQ, 12-Feb-2026, 154.37, 144.02, 153.47, 144.02, 147.40, 149.46, 150.33, 3493, 5.25, 42, 3069, 87.86
AHLUCONT, EQ, 12-Feb-2026, 899.50, 890.00, 929.95, 889.00, 903.10, 909.90, 913.59, 197478, 1804.14, 9544, 127614, 64.62
AIAENG, EQ, 12-Feb-2026, 4026.20, 4020.00, 4020.10, 3920.90, 3946.90, 3951.10, 3956.86, 42504, 1681.82, 9392, 27745, 65.28
AIIL, EQ, 12-Feb-2026, 500.95, 500.00, 515.00, 493.65, 496.15, 495.70, 498.51, 276452, 1378.15, 14972, 156068, 56.45
AILIMITED, SM, 12-Feb-2026, 26.10, 27.40, 27.40, 27.40, 27.40, 27.40, 27.40, 4500, 1.23, 3, 4500, 100.00
AIMTRON, ST, 12-Feb-2026, 899.80, 874.65, 899.90, 855.65, 864.95, 861.60, 868.34, 23200, 201.45, 110, 21600, 93.10
AIRAN, EQ, 12-Feb-2026, 18.20, 20.50, 21.68, 20.22, 21.19, 21.29, 21.00, 2432810, 510.80, 8248, 680191, 27.96
AIROLAM, EQ, 12-Feb-2026, 97.99, 97.00, 97.00, 91.00, 93.69, 93.50, 92.50, 5557, 5.14, 166, 3522, 63.38
AISL, SM, 12-Feb-2026, 74.10, 74.90, 74.90, 70.50, 70.50, 72.70, 72.70, 1200, 0.87, 2, 1200, 100.00
AJANTPHARM, EQ, 12-Feb-2026, 2907.80, 2914.90, 2914.90, 2880.10, 2899.90, 2890.00, 2900.21, 53122, 1540.65, 15202, 33739, 63.51
AJAXENGG, EQ, 12-Feb-2026, 514.35, 522.10, 522.10, 496.00, 502.15, 498.80, 501.80, 114720, 575.66, 5069, 80018, 69.75
AJMERA, EQ, 12-Feb-2026, 147.96, 147.40, 147.60, 144.65, 145.00, 145.35, 145.92, 133988, 195.52, 1953, 71223, 53.16
AJOONI, EQ, 12-Feb-2026, 5.11, 5.10, 5.20, 4.95, 5.10, 5.07, 5.06, 503404, 25.50, 736, 325157, 64.59
AKANKSHA, SM, 12-Feb-2026, 76.95, 75.10, 77.00, 74.20, 77.00, 76.60, 75.47, 6000, 4.53, 6, 3000, 50.00
AKASH, EQ, 12-Feb-2026, 24.53, 24.52, 25.27, 24.52, 24.95, 24.95, 24.76, 4369, 1.08, 63, 3638, 83.27
AKG, EQ, 12-Feb-2026, 14.49, 14.69, 14.69, 13.15, 14.46, 14.48, 14.34, 207839, 29.80, 338, 142646, 68.63
AKI, EQ, 12-Feb-2026, 6.58, 6.71, 6.71, 6.41, 6.50, 6.50, 6.60, 15328, 1.01, 127, 13669, 89.18
AKIKO, ST, 12-Feb-2026, 233.70, 222.05, 240.00, 222.05, 223.00, 225.00, 223.52, 28000, 62.59, 29, 27200, 97.14
AKSHAR, EQ, 12-Feb-2026, 0.51, 0.52, 0.52, 0.50, 0.50, 0.51, 0.51, 815215, 4.18, 410, 436260, 53.51
AKSHARCHEM, EQ, 12-Feb-2026, 226.50, 223.62, 230.50, 221.54, 223.00, 224.02, 226.00, 1290, 2.92, 50, 924, 71.63
AKSHOPTFBR, EQ, 12-Feb-2026, 5.39, 5.33, 5.46, 5.15, 5.20, 5.20, 5.22, 237480, 12.39, 765, 157145, 66.17
AKUMS, EQ, 12-Feb-2026, 470.85, 470.00, 472.10, 462.80, 462.80, 464.00, 466.44, 62348, 290.81, 2530, 35744, 57.33
AKZOINDIA, EQ, 12-Feb-2026, 3001.10, 3001.10, 3020.00, 2977.60, 2994.90, 3000.30, 3003.37, 9562, 287.18, 3014, 4951, 51.78
ALANKIT, EQ, 12-Feb-2026, 9.49, 9.51, 9.77, 9.45, 9.45, 9.47, 9.59, 442790, 42.47, 1359, 291249, 65.78
ALBERTDAVD, EQ, 12-Feb-2026, 716.90, 765.05, 779.00, 741.10, 742.00, 743.45, 756.84, 31205, 236.17, 2118, 12560, 40.25
ALCODIS, SM, 12-Feb-2026, 85.70, 80.05, 85.65, 78.05, 85.65, 84.80, 82.46, 4375, 3.61, 6, 4375, 100.00
ALEMBICLTD, EQ, 12-Feb-2026, 99.12, 99.45, 99.56, 98.13, 98.50, 98.58, 98.76, 168717, 166.62, 1286, 105658, 62.62
ALGOQUANT, EQ, 12-Feb-2026, 58.88, 58.88, 59.76, 58.15, 58.74, 58.49, 58.67, 872260, 511.72, 970, 180298, 20.67
ALICON, EQ, 12-Feb-2026, 833.20, 829.05, 848.10, 825.85, 832.00, 832.95, 836.66, 6642, 55.57, 470, 3744, 56.37
ALIVUS, EQ, 12-Feb-2026, 929.40, 925.00, 947.95, 916.05, 924.00, 922.65, 926.98, 30506, 282.79, 3867, 15857, 51.98
ALKALI, EQ, 12-Feb-2026, 71.58, 71.98, 71.98, 69.70, 71.16, 71.06, 70.79, 2870, 2.03, 107, 1424, 49.62
ALKEM, EQ, 12-Feb-2026, 5890.00, 5894.00, 5906.00, 5810.00, 5857.00, 5870.50, 5861.11, 70024, 4104.18, 12477, 27026, 38.60
ALKYLAMINE, EQ, 12-Feb-2026, 1576.40, 1572.80, 1573.90, 1525.00, 1525.00, 1537.80, 1547.55, 38263, 592.14, 5458, 18963, 49.56
ALLCARGO, EQ, 12-Feb-2026, 9.82, 9.85, 9.88, 9.55, 9.55, 9.59, 9.67, 5479826, 529.81, 9378, 3151398, 57.51
ALLDIGI, EQ, 12-Feb-2026, 871.90, 864.95, 869.75, 823.60, 830.00, 842.05, 841.88, 18996, 159.92, 2054, 12702, 66.87
ALLETEC, SM, 12-Feb-2026, 179.95, 175.10, 185.30, 175.00, 183.75, 183.35, 180.05, 29200, 52.58, 58, 24000, 82.19
ALLTIME, EQ, 12-Feb-2026, 265.18, 261.20, 267.90, 260.55, 263.25, 263.71, 264.39, 42748, 113.02, 1673, 18749, 43.86
ALMONDZ, EQ, 12-Feb-2026, 15.20, 16.10, 16.79, 15.57, 16.00, 15.87, 16.15, 268661, 43.40, 1189, 152221, 56.66
ALOKINDS, EQ, 12-Feb-2026, 15.82, 15.82, 15.94, 15.48, 15.55, 15.60, 15.58, 4242404, 661.09, 9312, 1587312, 37.42
ALPA, EQ, 12-Feb-2026, 72.05, 70.51, 71.51, 66.55, 68.52, 68.98, 69.06, 18012, 12.44, 704, 9968, 55.34
ALPEXSOLAR, SM, 12-Feb-2026, 904.95, 905.05, 905.05, 865.00, 874.95, 870.95, 875.41, 44400, 388.68, 356, 29800, 67.12
ALPHA, EQ, 12-Feb-2026, 48.79, 48.79, 49.18, 48.55, 49.00, 49.08, 48.94, 1612662, 789.21, 2469, 1332255, 82.61
ALPHAETF, EQ, 12-Feb-2026, 25.61, 24.96, 25.84, 24.96, 25.80, 25.80, 25.70, 1249007, 321.05, 987, 540226, 43.25
ALPHAGEO, EQ, 12-Feb-2026, 227.60, 222.11, 229.99, 218.05, 218.08, 219.10, 221.12, 5790, 12.80, 353, 3656, 63.14
ALPL30IETF, EQ, 12-Feb-2026, 28.01, 28.01, 28.26, 27.99, 28.15, 28.18, 28.15, 915388, 257.65, 1232, 500573, 54.68
ALUWIND, SM, 12-Feb-2026, 62.95, 60.00, 63.80, 59.10, 63.80, 63.80, 60.29, 52500, 31.65, 23, 45000, 85.71
AMAGI, EQ, 12-Feb-2026, 409.50, 424.00, 434.95, 380.10, 383.00, 386.30, 407.64, 1551603, 6324.96, 44197, 448679, 28.92
AMANTA, EQ, 12-Feb-2026, 109.16, 108.00, 110.65, 106.00, 108.80, 108.56, 108.71, 65247, 70.93, 727, 36861, 56.49
AMBER, EQ, 12-Feb-2026, 7696.00, 7650.00, 7862.00, 7636.50, 7788.00, 7784.50, 7791.63, 620234, 48326.33, 70076, 194250, 31.32
AMBEY, SM, 12-Feb-2026, 31.75, 32.25, 33.00, 32.00, 32.50, 32.50, 32.33, 26000, 8.41, 7, 26000, 100.00
AMBICAAGAR, EQ, 12-Feb-2026, 24.26, 25.40, 25.40, 24.17, 24.56, 25.03, 25.04, 4103, 1.03, 63, 3518, 85.74
AMBIKCO, EQ, 12-Feb-2026, 1351.90, 1351.90, 1398.30, 1343.10, 1375.00, 1377.70, 1373.74, 18841, 258.83, 1477, 11758, 62.41
AMBUJACEM, EQ, 12-Feb-2026, 541.25, 541.00, 541.00, 529.00, 533.00, 532.85, 534.09, 953137, 5090.63, 18677, 501094, 52.57
AMCL, ST, 12-Feb-2026, 307.20, 307.20, 307.20, 307.20, 307.20, 307.20, 307.20, 800, 2.46, 1, 800, 100.00
AMDIND, EQ, 12-Feb-2026, 44.91, 44.50, 44.90, 44.15, 44.25, 44.24, 44.43, 4040, 1.79, 96, 3117, 77.15
AMEYA, SM, 12-Feb-2026, 88.10, 88.20, 92.50, 86.00, 86.00, 86.50, 88.82, 13000, 11.55, 8, 9000, 69.23
AMJLAND, EQ, 12-Feb-2026, 40.76, 40.11, 41.40, 39.40, 39.43, 39.75, 39.99, 80257, 32.09, 1990, 40972, 51.05
AMNPLST, EQ, 12-Feb-2026, 172.45, 171.11, 176.97, 171.00, 175.11, 174.15, 173.50, 2793, 4.85, 116, 1143, 40.92
AMRUTANJAN, EQ, 12-Feb-2026, 648.40, 642.20, 645.15, 635.00, 635.25, 636.60, 638.20, 4527, 28.89, 558, 2369, 52.33
ANANDRATHI, EQ, 12-Feb-2026, 3017.10, 3019.80, 3019.80, 2960.00, 2991.60, 2986.70, 2984.09, 125590, 3747.72, 12092, 81666, 65.03
ANANTAM, IV, 12-Feb-2026, 103.48, 104.99, 104.99, 103.36, 103.50, 103.50, 103.50, 19492, 20.17, 87, 19488, 99.98
ANANTRAJ, EQ, 12-Feb-2026, 564.05, 560.85, 564.00, 547.00, 549.30, 548.85, 552.54, 1892370, 10456.01, 37647, 918191, 48.52
ANDHRAPAP, EQ, 12-Feb-2026, 68.31, 69.00, 71.68, 68.50, 70.01, 69.88, 70.40, 551146, 387.99, 4310, 389746, 70.72
ANDHRSUGAR, EQ, 12-Feb-2026, 73.04, 72.10, 76.25, 72.10, 75.20, 74.89, 74.75, 251260, 187.81, 2365, 128346, 51.08
ANGELONE, EQ, 12-Feb-2026, 2781.10, 2768.00, 2768.00, 2705.30, 2755.80, 2752.00, 2735.24, 458423, 12538.97, 24059, 123781, 27.00
ANIKINDS, EQ, 12-Feb-2026, 46.68, 48.00, 48.00, 46.05, 47.00, 46.92, 46.86, 5643, 2.64, 95, 3930, 69.64
ANKITMETAL, BZ, 12-Feb-2026, 1.71, 1.71, 1.72, 1.69, 1.72, 1.71, 1.70, 77820, 1.32, 46, -, -
ANLON, SM, 12-Feb-2026, 385.55, 397.90, 397.95, 390.10, 395.00, 395.00, 395.48, 3200, 12.66, 7, 2000, 62.50
ANMOL, EQ, 12-Feb-2026, 11.99, 12.04, 12.08, 11.88, 12.00, 12.00, 11.95, 25836, 3.09, 184, 18609, 72.03
ANNAPURNA, SM, 12-Feb-2026, 194.60, 193.10, 197.95, 190.15, 195.50, 192.15, 194.34, 29000, 56.36, 65, 23250, 80.17
ANONDITA, ST, 12-Feb-2026, 825.10, 810.00, 850.10, 786.00, 850.00, 842.85, 826.54, 43000, 355.41, 37, 36000, 83.72
ANSALAPI, BZ, 12-Feb-2026, 3.21, 3.27, 3.27, 3.27, 3.27, 3.27, 3.27, 18872, 0.62, 9, -, -
ANTELOPUS, EQ, 12-Feb-2026, 563.05, 564.95, 598.00, 560.00, 587.95, 588.10, 585.15, 339871, 1988.74, 9235, 85628, 25.19
ANTGRAPHIC, EQ, 12-Feb-2026, 0.94, 0.94, 0.95, 0.91, 0.94, 0.94, 0.94, 126447, 1.19, 204, 109637, 86.71
ANTHEM, EQ, 12-Feb-2026, 692.15, 691.55, 705.60, 685.95, 703.55, 703.40, 701.16, 381874, 2677.57, 19780, 242178, 63.42
ANUHPHR, EQ, 12-Feb-2026, 82.76, 82.31, 83.49, 81.54, 81.56, 81.74, 81.98, 24873, 20.39, 518, 15927, 64.03
ANUP, EQ, 12-Feb-2026, 2081.20, 2062.00, 2078.80, 2030.00, 2048.90, 2046.40, 2051.57, 13996, 287.14, 3169, 6141, 43.88
ANURAS, EQ, 12-Feb-2026, 1362.80, 1362.80, 1407.00, 1344.10, 1364.00, 1368.20, 1382.85, 491244, 6793.15, 20037, 264488, 53.84
ANYA, SM, 12-Feb-2026, 20.60, 22.00, 22.00, 20.60, 20.60, 20.60, 21.53, 15000, 3.23, 3, 10000, 66.67
ANZEN, IV, 12-Feb-2026, 117.50, 118.00, 118.00, 118.00, 118.00, 118.00, 118.00, 25000, 29.50, 1, 25000, 100.00
AONEGOLD, EQ, 12-Feb-2026, 14.45, 14.60, 14.70, 14.41, 14.47, 14.49, 14.50, 1364393, 197.88, 3796, 770186, 56.45
AONELIQUID, EQ, 12-Feb-2026, 1046.46, 1046.62, 1046.62, 1046.60, 1046.62, 1046.61, 1046.61, 8707, 91.13, 131, 6393, 73.42
AONENIFTY, EQ, 12-Feb-2026, 10.64, 10.90, 10.90, 10.32, 10.62, 10.59, 10.60, 198357, 21.03, 1891, 113617, 57.28
AONETMMQ50, EQ, 12-Feb-2026, 9.88, 9.92, 9.93, 9.81, 9.93, 9.90, 9.87, 322794, 31.86, 205, 311023, 96.35
AONETOTAL, EQ, 12-Feb-2026, 11.99, 11.69, 12.29, 11.69, 11.93, 11.96, 11.96, 231777, 27.72, 1659, 118056, 50.94
APARINDS, EQ, 12-Feb-2026, 9580.00, 9640.50, 9640.50, 9402.00, 9503.50, 9525.50, 9512.21, 30196, 2872.31, 7238, 15265, 50.55
APCL, EQ, 12-Feb-2026, 143.01, 143.00, 143.21, 137.01, 141.66, 139.59, 139.49, 3171, 4.42, 353, 1542, 48.63
APCOTEXIND, EQ, 12-Feb-2026, 370.75, 368.00, 376.80, 367.40, 375.00, 375.05, 371.88, 14401, 53.55, 498, 9898, 68.73
APEX, EQ, 12-Feb-2026, 373.00, 378.00, 447.60, 374.50, 447.60, 443.60, 427.80, 12824929, 54864.68, 146035, 1111938, 8.67
APEXECO, SM, 12-Feb-2026, 132.00, 121.15, 139.00, 120.00, 135.00, 135.00, 127.33, 22400, 28.52, 23, 11200, 50.00
APLAPOLLO, EQ, 12-Feb-2026, 2280.80, 2293.30, 2301.40, 2259.00, 2265.00, 2272.90, 2282.89, 2136876, 48782.63, 44698, 1718710, 80.43
APLLTD, EQ, 12-Feb-2026, 804.35, 790.00, 802.25, 786.00, 791.00, 789.90, 790.88, 20307, 160.60, 2306, 10877, 53.56
APOLLO, EQ, 12-Feb-2026, 240.40, 241.00, 244.25, 238.35, 240.25, 240.80, 241.96, 1843866, 4461.50, 22349, 581513, 31.54
APOLLOHOSP, EQ, 12-Feb-2026, 7507.00, 7512.00, 7579.50, 7410.00, 7542.00, 7539.00, 7508.92, 434146, 32599.67, 48318, 207484, 47.79
APOLLOPIPE, EQ, 12-Feb-2026, 310.50, 310.40, 325.50, 300.40, 318.75, 315.00, 312.38, 375338, 1172.47, 10256, 117630, 31.34
APOLLOTYRE, EQ, 12-Feb-2026, 509.50, 512.00, 512.00, 497.05, 498.95, 498.75, 501.53, 745770, 3740.26, 19809, 401551, 53.84
APOLSINHOT, EQ, 12-Feb-2026, 1286.20, 1308.00, 1308.00, 1267.00, 1267.00, 1279.60, 1287.05, 408, 5.25, 136, 199, 48.77
APRAMEYA, SM, 12-Feb-2026, 237.50, 231.05, 235.00, 224.50, 231.00, 228.65, 231.40, 22500, 52.07, 35, 15500, 68.89
APS, SM, 12-Feb-2026, 385.80, 380.55, 385.00, 371.10, 371.50, 373.15, 374.33, 15250, 57.09, 59, 9250, 60.66
APTECHT, EQ, 12-Feb-2026, 93.13, 93.40, 94.74, 90.35, 90.90, 91.23, 92.40, 331400, 306.22, 4673, 132242, 39.90
APTUS, EQ, 12-Feb-2026, 258.15, 258.90, 258.90, 251.40, 252.00, 252.05, 254.04, 1011993, 2570.84, 26045, 630833, 62.34
AQYLON, BE, 12-Feb-2026, 1999.90, 2000.10, 2049.90, 1906.50, 1915.00, 1914.90, 1923.64, 10502, 202.02, 476, -, -
ARABIAN, SM, 12-Feb-2026, 68.80, 68.00, 68.00, 68.00, 68.00, 68.00, 68.00, 2000, 1.36, 1, 2000, 100.00
ARCHIDPLY, EQ, 12-Feb-2026, 88.47, 86.31, 90.99, 86.31, 89.59, 88.40, 88.34, 5107, 4.51, 267, 2742, 53.69
ARCHIES, EQ, 12-Feb-2026, 17.48, 17.52, 17.52, 16.60, 16.65, 16.77, 16.98, 39646, 6.73, 151, 23916, 60.32
ARCIIL, SM, 12-Feb-2026, 48.75, 48.90, 52.50, 48.90, 51.00, 51.40, 50.73, 35000, 17.76, 34, 29000, 82.86
ARE&M, EQ, 12-Feb-2026, 911.70, 870.30, 884.00, 855.05, 857.00, 861.45, 868.72, 1065293, 9254.36, 46197, 429263, 40.30
ARENTERP, EQ, 12-Feb-2026, 43.03, 42.75, 43.55, 40.01, 40.75, 41.85, 41.84, 1365, 0.57, 53, 1309, 95.90
ARFIN, EQ, 12-Feb-2026, 75.78, 76.22, 76.22, 74.55, 74.60, 75.62, 75.71, 499635, 378.27, 2646, 100896, 20.19
ARHAM, ST, 12-Feb-2026, 142.85, 142.80, 143.50, 139.00, 140.00, 140.00, 141.65, 24000, 34.00, 20, 20000, 83.33
ARIES, EQ, 12-Feb-2026, 336.40, 337.00, 368.00, 332.00, 352.80, 351.60, 354.52, 155005, 549.52, 3361, 73366, 47.33
ARIHANTACA, SM, 12-Feb-2026, 452.00, 452.00, 452.00, 450.00, 450.00, 450.00, 450.67, 1200, 5.41, 3, 1200, 100.00
ARIHANTCAP, EQ, 12-Feb-2026, 77.69, 77.50, 77.94, 75.60, 75.60, 75.81, 76.32, 210316, 160.52, 1719, 80798, 38.42
ARIHANTSUP, EQ, 12-Feb-2026, 281.15, 281.15, 284.30, 272.85, 282.00, 282.35, 279.75, 58960, 164.94, 1199, 27959, 47.42
ARIS, EQ, 12-Feb-2026, 100.70, 103.00, 103.77, 97.71, 102.50, 102.08, 100.71, 1895793, 1909.33, 11460, 770293, 40.63
ARISTO, SM, 12-Feb-2026, 86.45, 90.00, 90.75, 90.00, 90.75, 90.75, 90.50, 2400, 2.17, 3, 2400, 100.00
ARKADE, EQ, 12-Feb-2026, 123.29, 123.50, 123.59, 120.51, 120.67, 121.22, 121.44, 176941, 214.88, 2409, 82074, 46.38
ARMANFIN, EQ, 12-Feb-2026, 1600.50, 1613.00, 1639.00, 1556.30, 1620.00, 1622.20, 1619.32, 68765, 1113.52, 3869, 44460, 64.65
ARMOUR, SM, 12-Feb-2026, 28.55, 29.00, 29.00, 27.65, 28.75, 28.30, 28.11, 52000, 14.62, 21, 38000, 73.08
AROGRANITE, EQ, 12-Feb-2026, 29.04, 29.04, 29.68, 29.00, 29.10, 29.10, 29.33, 22638, 6.64, 90, 10465, 46.23
ARROWGREEN, EQ, 12-Feb-2026, 451.65, 450.00, 456.95, 439.40, 443.45, 443.60, 443.23, 7498, 33.23, 634, 4435, 59.15
ARSHIYA, BZ, 12-Feb-2026, 1.32, 1.35, 1.38, 1.26, 1.36, 1.36, 1.36, 215689, 2.94, 107, -, -
ARSSBL, EQ, 12-Feb-2026, 576.30, 576.00, 576.30, 565.80, 572.00, 572.80, 570.44, 217552, 1241.01, 6517, 100210, 46.06
ARTEMISMED, EQ, 12-Feb-2026, 235.44, 235.99, 249.00, 233.60, 243.80, 244.81, 243.02, 413417, 1004.67, 8347, 193278, 46.75
ARTNIRMAN, EQ, 12-Feb-2026, 43.90, 43.90, 44.90, 43.90, 44.11, 44.11, 44.01, 113, 0.05, 6, 113, 100.00
ARUNAYA, SM, 12-Feb-2026, 19.00, 19.00, 20.50, 19.00, 20.50, 20.45, 19.82, 22000, 4.36, 9, 22000, 100.00
ARVEE, BE, 12-Feb-2026, 157.01, 159.99, 159.99, 153.00, 159.55, 159.54, 156.27, 353, 0.55, 18, -, -
ARVIND, EQ, 12-Feb-2026, 359.00, 359.00, 371.50, 356.05, 366.90, 366.15, 366.46, 809483, 2966.39, 22108, 294476, 36.38
ARVINDFASN, EQ, 12-Feb-2026, 480.65, 481.95, 486.20, 472.10, 483.00, 483.85, 482.26, 203798, 982.84, 11169, 92067, 45.18
ARVINDPORT, SM, 12-Feb-2026, 32.55, 31.05, 33.50, 30.95, 31.30, 31.30, 31.61, 52500, 16.60, 29, 37500, 71.43
ARVSMART, EQ, 12-Feb-2026, 581.20, 587.20, 587.20, 566.65, 566.65, 570.75, 576.11, 15439, 88.95, 1758, 4991, 32.33
ASAHIINDIA, EQ, 12-Feb-2026, 979.60, 975.10, 979.60, 965.20, 973.80, 972.90, 971.21, 19427, 188.68, 3213, 7502, 38.62
ASAHISONG, EQ, 12-Feb-2026, 232.92, 234.52, 235.25, 231.12, 235.00, 233.65, 233.93, 4541, 10.62, 161, 3081, 67.85
ASAL, EQ, 12-Feb-2026, 460.00, 465.50, 465.50, 456.00, 458.65, 460.95, 460.60, 8175, 37.65, 723, 4354, 53.26
ASALCBR, EQ, 12-Feb-2026, 878.35, 884.85, 908.45, 863.30, 894.40, 890.60, 893.41, 78364, 700.12, 4069, 36939, 47.14
ASCOM, ST, 12-Feb-2026, 175.00, 175.00, 180.00, 175.00, 180.00, 180.00, 177.11, 4500, 7.97, 6, 4500, 100.00
ASHALOG, SM, 12-Feb-2026, 62.75, 63.00, 65.00, 63.00, 65.00, 64.65, 64.24, 4000, 2.57, 4, 4000, 100.00
ASHAPURMIN, EQ, 12-Feb-2026, 625.95, 624.05, 624.05, 568.00, 569.90, 575.20, 588.58, 1805934, 10629.43, 43007, 813225, 45.03
ASHIANA, EQ, 12-Feb-2026, 344.05, 345.00, 362.75, 338.05, 340.50, 342.85, 347.40, 1339029, 4651.72, 26062, 128637, 9.61
ASHIMASYN, EQ, 12-Feb-2026, 17.16, 17.16, 17.94, 16.11, 17.14, 16.88, 16.94, 77789, 13.18, 571, 64160, 82.48
ASHOKA, EQ, 12-Feb-2026, 160.21, 158.50, 160.90, 156.00, 157.80, 158.20, 158.04, 549622, 868.60, 7184, 223662, 40.69
ASHOKAMET, EQ, 12-Feb-2026, 14.01, 13.90, 14.30, 13.87, 14.20, 14.21, 13.98, 30809, 4.31, 137, 23601, 76.60
ASHOKLEY, EQ, 12-Feb-2026, 206.35, 206.40, 212.35, 204.63, 210.99, 211.02, 209.70, 36604082, 76756.94, 198710, 12138085, 33.16
ASHWINI, SM, 12-Feb-2026, 136.00, 136.50, 136.50, 135.00, 135.00, 135.00, 135.75, 2000, 2.72, 2, 2000, 100.00
ASIANENE, EQ, 12-Feb-2026, 285.05, 288.80, 291.00, 276.20, 280.95, 282.70, 282.45, 102645, 289.92, 2329, 46301, 45.11
ASIANHOTNR, EQ, 12-Feb-2026, 299.65, 297.05, 299.30, 286.30, 288.00, 287.90, 292.95, 15653, 45.86, 620, 5528, 35.32
ASIANPAINT, EQ, 12-Feb-2026, 2392.50, 2398.00, 2413.90, 2377.00, 2410.10, 2410.50, 2400.90, 607767, 14591.85, 48028, 330215, 54.33
ASIANTILES, EQ, 12-Feb-2026, 71.44, 71.01, 72.43, 69.45, 71.01, 71.42, 70.91, 6413722, 4548.20, 16752, 2346637, 36.59
ASKAUTOLTD, EQ, 12-Feb-2026, 449.85, 451.60, 451.65, 439.00, 440.00, 440.65, 443.35, 87082, 386.08, 5942, 53780, 61.76
ASMS, EQ, 12-Feb-2026, 11.05, 11.20, 12.27, 10.78, 12.05, 12.16, 11.70, 6278295, 734.46, 12086, 2149941, 34.24
ASPINWALL, EQ, 12-Feb-2026, 226.35, 228.34, 230.99, 223.51, 229.00, 227.94, 227.49, 1105, 2.51, 49, 705, 63.80
ASPIRE, SM, 12-Feb-2026, 15.75, 16.25, 16.25, 16.25, 16.25, 16.25, 16.25, 4000, 0.65, 2, 2000, 50.00
ASTEC, EQ, 12-Feb-2026, 621.90, 621.90, 661.00, 616.95, 647.55, 648.45, 643.72, 161257, 1038.05, 5952, 45413, 28.16
ASTERDM, EQ, 12-Feb-2026, 600.40, 602.00, 608.60, 594.90, 602.15, 602.85, 602.01, 814850, 4905.49, 26269, 463391, 56.87
ASTRAL, EQ, 12-Feb-2026, 1592.10, 1594.90, 1615.50, 1578.00, 1589.00, 1591.60, 1597.98, 1241019, 19831.23, 53361, 640409, 51.60
ASTRAMICRO, EQ, 12-Feb-2026, 898.40, 893.00, 919.55, 872.75, 908.00, 907.50, 891.34, 451301, 4022.61, 24932, 168852, 37.41
ASTRAZEN, EQ, 12-Feb-2026, 9068.00, 8790.00, 8847.50, 8613.00, 8830.00, 8824.00, 8730.91, 32398, 2828.64, 6985, 8314, 25.66
ASTRON, EQ, 12-Feb-2026, 4.22, 4.38, 4.38, 4.02, 4.02, 4.05, 4.10, 182992, 7.50, 361, 116008, 63.40
ATALREAL, EQ, 12-Feb-2026, 26.60, 26.70, 27.39, 26.35, 26.45, 26.57, 26.87, 1801131, 484.02, 2651, 348446, 19.35
ATAM, EQ, 12-Feb-2026, 74.61, 74.62, 75.00, 73.60, 74.89, 74.76, 74.52, 6739, 5.02, 269, 3991, 59.22
ATCENERGY, SM, 12-Feb-2026, 31.35, 32.00, 32.00, 30.85, 31.85, 31.80, 31.35, 18000, 5.64, 15, 13200, 73.33
ATGL, EQ, 12-Feb-2026, 542.25, 542.00, 544.35, 533.00, 535.00, 535.95, 536.75, 241207, 1294.68, 10788, 103043, 42.72
ATHERENERG, EQ, 12-Feb-2026, 716.25, 722.95, 742.85, 714.40, 723.30, 725.75, 726.80, 1717671, 12484.02, 43989, 468930, 27.30
ATL, EQ, 12-Feb-2026, 26.77, 26.50, 27.48, 25.80, 25.85, 26.03, 26.57, 576089, 153.04, 5903, 349239, 60.62
ATLANTAA, EQ, 12-Feb-2026, 44.76, 45.50, 45.50, 43.36, 44.77, 43.72, 43.96, 46786, 20.57, 622, 31132, 66.54
ATLANTAELE, EQ, 12-Feb-2026, 891.75, 891.75, 906.00, 880.10, 896.95, 897.15, 893.13, 56349, 503.27, 3652, 26587, 47.18
ATLASCYCLE, EQ, 12-Feb-2026, 94.99, 94.36, 96.73, 93.00, 94.00, 94.25, 94.16, 758, 0.71, 87, 495, 65.30
ATLPP, E1, 12-Feb-2026, 12.01, 12.31, 12.31, 10.96, 10.96, 10.96, 11.12, 12033, 1.34, 56, 11780, 97.90
ATMASTCO, SM, 12-Feb-2026, 139.50, 137.30, 138.70, 136.10, 138.60, 137.95, 137.11, 6800, 9.32, 17, 4800, 70.59
ATUL, EQ, 12-Feb-2026, 6664.00, 6610.00, 6714.00, 6515.00, 6601.00, 6628.50, 6639.71, 27128, 1801.22, 7832, 13229, 48.77
ATULAUTO, EQ, 12-Feb-2026, 500.35, 500.35, 527.20, 495.60, 508.20, 512.25, 512.74, 490896, 2517.04, 14312, 94851, 19.32
AUBANK, EQ, 12-Feb-2026, 990.25, 990.25, 1002.95, 980.30, 999.30, 1000.60, 994.92, 2189502, 21783.89, 48572, 1411594, 64.47
AURIGROW, BE, 12-Feb-2026, 0.36, 0.36, 0.36, 0.35, 0.35, 0.35, 0.35, 8536998, 29.91, 2690, -, -
AURIONPRO, EQ, 12-Feb-2026, 992.35, 983.05, 987.95, 957.00, 968.70, 966.80, 966.37, 93680, 905.29, 8405, 34699, 37.04
AUROIMPEX, SM, 12-Feb-2026, 33.90, 33.90, 34.00, 33.90, 34.00, 34.00, 33.95, 3200, 1.09, 2, 3200, 100.00
AUROPHARMA, EQ, 12-Feb-2026, 1146.60, 1146.60, 1163.00, 1132.10, 1157.60, 1157.90, 1148.65, 1090045, 12520.83, 28528, 473842, 43.47
AURUM, EQ, 12-Feb-2026, 176.66, 179.30, 179.30, 174.46, 177.45, 176.08, 175.76, 21560, 37.89, 618, 10433, 48.39
AUSL, SM, 12-Feb-2026, 23.00, 23.05, 23.50, 23.05, 23.50, 23.50, 23.41, 10000, 2.34, 3, 10000, 100.00
AUSOMENT, BE, 12-Feb-2026, 110.06, 109.00, 114.00, 106.75, 109.01, 110.54, 108.29, 4773, 5.17, 87, -, -
AUTOAXLES, EQ, 12-Feb-2026, 1947.90, 1947.80, 2048.00, 1910.10, 2000.00, 2000.70, 2000.19, 36841, 736.89, 5733, 16124, 43.77
AUTOBEES, EQ, 12-Feb-2026, 292.88, 293.00, 293.97, 291.20, 291.87, 292.36, 292.77, 281313, 823.60, 3408, 146815, 52.19
AUTOIETF, EQ, 12-Feb-2026, 29.36, 29.50, 29.50, 29.13, 29.26, 29.28, 29.28, 548736, 160.69, 2127, 411908, 75.06
AUTOIND, EQ, 12-Feb-2026, 81.72, 81.72, 81.72, 79.80, 80.68, 80.11, 80.49, 27447, 22.09, 531, 13997, 51.00
AVADHSUGAR, EQ, 12-Feb-2026, 349.95, 355.00, 355.00, 342.85, 344.00, 344.45, 346.83, 35068, 121.62, 748, 23562, 67.19
AVALON, EQ, 12-Feb-2026, 1053.30, 1053.30, 1082.90, 1039.10, 1082.00, 1078.75, 1068.55, 184980, 1976.60, 12955, 94035, 50.84
AVANA, SM, 12-Feb-2026, 68.10, 69.90, 71.50, 69.90, 71.50, 71.50, 70.55, 14000, 9.88, 7, 14000, 100.00
AVANTEL, EQ, 12-Feb-2026, 154.13, 154.80, 154.80, 150.10, 151.01, 151.31, 152.34, 835185, 1272.36, 8446, 363649, 43.54
AVANTIFEED, EQ, 12-Feb-2026, 1193.50, 1175.00, 1432.20, 1173.45, 1432.20, 1414.75, 1354.91, 12569625, 170307.32, 320877, 1595789, 12.70
AVG, EQ, 12-Feb-2026, 147.68, 153.92, 153.92, 146.83, 149.40, 149.16, 149.27, 5896, 8.80, 236, 3222, 54.65
AVIANSH, SM, 12-Feb-2026, 116.00, 115.00, 116.25, 115.00, 116.25, 116.25, 115.54, 6000, 6.93, 5, 5000, 83.33
AVL, EQ, 12-Feb-2026, 521.60, 521.60, 534.85, 512.50, 515.00, 516.45, 527.05, 215094, 1133.66, 16089, 98740, 45.91
AVONMORE, EQ, 12-Feb-2026, 15.01, 15.08, 15.24, 14.60, 14.89, 14.69, 14.90, 182092, 27.14, 549, 134835, 74.05
AVPINFRA, SM, 12-Feb-2026, 119.50, 120.70, 123.15, 118.00, 118.00, 119.35, 120.58, 8000, 9.65, 10, 6400, 80.00
AVROIND, BE, 12-Feb-2026, 132.18, 135.80, 138.78, 132.50, 133.00, 133.00, 133.97, 4265, 5.71, 63, -, -
AVTNPL, EQ, 12-Feb-2026, 67.36, 68.24, 68.24, 66.04, 68.00, 66.97, 66.96, 70131, 46.96, 1083, 47698, 68.01
AWFIS, EQ, 12-Feb-2026, 385.55, 389.00, 389.95, 357.00, 360.25, 359.65, 366.72, 370296, 1357.93, 16002, 220056, 59.43
AWHCL, EQ, 12-Feb-2026, 530.30, 527.65, 529.00, 516.20, 517.00, 517.60, 520.85, 64085, 333.79, 3732, 24527, 38.27
AWL, EQ, 12-Feb-2026, 209.59, 209.74, 209.99, 205.70, 206.50, 206.30, 207.03, 980045, 2029.02, 14115, 507645, 51.80
AXISBANK, EQ, 12-Feb-2026, 1347.30, 1347.90, 1357.70, 1336.20, 1337.00, 1340.00, 1342.61, 4152620, 55753.63, 136392, 2590275, 62.38
AXISBNKETF, EQ, 12-Feb-2026, 624.64, 623.67, 625.97, 623.04, 625.36, 623.72, 624.94, 3662, 22.89, 90, 148, 4.04
AXISBPSETF, EQ, 12-Feb-2026, 13.14, 13.19, 13.27, 13.09, 13.19, 13.18, 13.18, 17388, 2.29, 321, 10337, 59.45
AXISCADES, EQ, 12-Feb-2026, 1300.40, 1365.40, 1365.40, 1340.00, 1365.40, 1365.40, 1365.02, 396365, 5410.45, 2511, 166653, 42.05
AXISCETF, EQ, 12-Feb-2026, 123.46, 122.42, 123.30, 122.34, 122.41, 122.79, 122.68, 1302, 1.60, 30, 1244, 95.55
AXISGOLD, EQ, 12-Feb-2026, 129.58, 126.34, 131.99, 126.34, 129.74, 129.71, 129.56, 3488904, 4520.15, 6091, 2735971, 78.42
AXISHCETF, EQ, 12-Feb-2026, 147.66, 147.21, 147.84, 145.93, 147.66, 147.59, 147.08, 6451, 9.49, 61, 4486, 69.54
AXISILVER, EQ, 12-Feb-2026, 256.09, 255.44, 256.80, 253.07, 254.30, 254.48, 255.26, 774063, 1975.84, 5609, 432407, 55.86
AXISNIFTY, EQ, 12-Feb-2026, 285.50, 292.63, 292.63, 282.64, 284.12, 284.06, 284.20, 6038, 17.16, 276, 3952, 65.45
AXISTECETF, EQ, 12-Feb-2026, 384.67, 379.01, 379.01, 362.89, 362.95, 363.42, 367.76, 15029, 55.27, 424, 12430, 82.71
AXISVALUE, EQ, 12-Feb-2026, 34.01, 34.97, 34.97, 33.60, 34.00, 33.87, 33.84, 60997, 20.64, 339, 42998, 70.49
AXITA, BE, 12-Feb-2026, 10.59, 10.83, 10.85, 10.50, 10.75, 10.74, 10.73, 500015, 53.68, 1562, -, -
AXSENSEX, EQ, 12-Feb-2026, 86.62, 86.99, 86.99, 86.15, 86.42, 86.44, 86.53, 1443, 1.25, 38, 806, 55.86
AYMSYNTEX, EQ, 12-Feb-2026, 190.60, 190.66, 191.92, 176.00, 176.10, 181.03, 185.10, 6384, 11.82, 345, 2700, 42.29
AZAD, EQ, 12-Feb-2026, 1635.10, 1635.10, 1643.00, 1598.30, 1609.80, 1610.80, 1621.97, 138824, 2251.69, 10454, 76133, 54.84
BABAFP, SM, 12-Feb-2026, 25.20, 25.75, 26.00, 25.75, 26.00, 26.00, 25.88, 3200, 0.83, 2, 3200, 100.00
BAFNAPH, BE, 12-Feb-2026, 128.26, 126.10, 127.48, 122.00, 122.70, 123.77, 124.05, 4345, 5.39, 67, -, -
BAGDIGITAL, SM, 12-Feb-2026, 111.50, 112.00, 114.75, 111.00, 114.75, 114.55, 113.54, 20800, 23.62, 6, 20800, 100.00
BAGFILMS, EQ, 12-Feb-2026, 5.79, 5.89, 6.20, 5.74, 5.78, 5.83, 5.93, 95984, 5.69, 298, 75217, 78.36
BAHETI, SM, 12-Feb-2026, 593.15, 597.95, 598.00, 593.00, 595.95, 595.00, 596.58, 16125, 96.20, 30, 9000, 55.81
BAIDFIN, EQ, 12-Feb-2026, 11.32, 11.32, 11.68, 11.22, 11.51, 11.40, 11.43, 95272, 10.89, 328, 64048, 67.23
BAJAJ-AUTO, EQ, 12-Feb-2026, 9869.50, 9876.50, 9930.00, 9809.50, 9840.00, 9840.00, 9865.54, 372062, 36705.92, 32825, 235415, 63.27
BAJAJCON, EQ, 12-Feb-2026, 389.00, 389.00, 395.75, 371.00, 378.00, 378.30, 381.75, 1231759, 4702.30, 25452, 576524, 46.80
BAJAJELEC, EQ, 12-Feb-2026, 389.75, 389.05, 391.30, 382.10, 383.90, 384.40, 386.41, 188067, 726.71, 8141, 76822, 40.85
BAJAJFINSV, EQ, 12-Feb-2026, 2027.00, 2025.00, 2041.90, 2012.10, 2034.00, 2037.10, 2033.96, 637754, 12971.63, 46658, 260899, 40.91
BAJAJHCARE, EQ, 12-Feb-2026, 375.10, 375.00, 375.05, 364.10, 368.05, 366.30, 369.72, 42508, 157.16, 2382, 19436, 45.72
BAJAJHFL, EQ, 12-Feb-2026, 91.11, 91.21, 91.25, 89.80, 90.40, 90.39, 90.36, 3790725, 3425.42, 30083, 1919732, 50.64
BAJAJHIND, EQ, 12-Feb-2026, 17.14, 17.13, 18.12, 16.77, 17.36, 17.37, 17.35, 14157270, 2456.98, 18956, 3659377, 25.85
BAJAJHLDNG, EQ, 12-Feb-2026, 11111.00, 11113.00, 11181.00, 11000.00, 11020.00, 11040.00, 11060.07, 24946, 2759.05, 6977, 11791, 47.27
BAJAJINDEF, EQ, 12-Feb-2026, 282.00, 282.10, 286.75, 268.05, 268.45, 269.70, 274.43, 44787, 122.91, 1694, 27815, 62.11
BAJEL, EQ, 12-Feb-2026, 164.60, 164.60, 164.61, 159.00, 159.05, 159.50, 160.98, 138441, 222.86, 1926, 81372, 58.78
BAJFINANCE, EQ, 12-Feb-2026, 968.95, 968.30, 1002.00, 965.00, 1001.00, 999.10, 991.04, 10346853, 102541.59, 153662, 6143513, 59.38
BALAJEE, EQ, 12-Feb-2026, 35.69, 35.05, 35.90, 34.50, 35.90, 35.43, 34.92, 292546, 102.16, 562, 270922, 92.61
BALAJIPHOS, SM, 12-Feb-2026, 140.50, 140.50, 140.50, 138.50, 138.50, 138.75, 139.67, 6000, 8.38, 6, 5000, 83.33
BALAJITELE, EQ, 12-Feb-2026, 96.57, 96.57, 97.50, 91.59, 93.09, 93.02, 95.48, 614010, 586.23, 3784, 216535, 35.27
BALAMINES, EQ, 12-Feb-2026, 1112.50, 1111.90, 1114.40, 1096.50, 1097.30, 1105.20, 1106.54, 70959, 785.19, 4599, 26617, 37.51
BALAXI, EQ, 12-Feb-2026, 22.04, 22.86, 22.86, 21.82, 22.20, 21.96, 22.07, 70587, 15.58, 542, 52813, 74.82
BALCO, SM, 12-Feb-2026, 23.50, 23.50, 23.50, 23.50, 23.50, 23.50, 23.50, 1200, 0.28, 1, 1200, 100.00
BALKRISHNA, EQ, 12-Feb-2026, 16.98, 16.99, 16.99, 16.50, 16.52, 16.71, 16.72, 6035, 1.01, 106, 4097, 67.89
BALKRISIND, EQ, 12-Feb-2026, 2679.60, 2679.60, 2694.60, 2609.00, 2634.90, 2641.30, 2637.59, 111780, 2948.30, 22992, 59698, 53.41
BALMLAWRIE, EQ, 12-Feb-2026, 181.10, 180.75, 180.91, 178.52, 179.00, 179.23, 179.37, 50156, 89.97, 1517, 30718, 61.24
BALPHARMA, EQ, 12-Feb-2026, 71.74, 73.40, 76.99, 72.43, 75.52, 75.09, 74.96, 23578, 17.67, 742, 13915, 59.02
BALRAMCHIN, EQ, 12-Feb-2026, 461.20, 462.15, 464.00, 456.95, 460.00, 460.45, 460.90, 234844, 1082.40, 8515, 124825, 53.15
BALUFORGE, EQ, 12-Feb-2026, 508.25, 508.25, 515.00, 491.30, 501.70, 503.00, 505.11, 1031259, 5209.02, 16007, 471853, 45.76
BANARBEADS, EQ, 12-Feb-2026, 127.47, 128.89, 128.89, 121.00, 121.00, 123.47, 124.22, 1077, 1.34, 84, 800, 74.28
BANARISUG, EQ, 12-Feb-2026, 3601.40, 3603.30, 3610.50, 3591.00, 3599.00, 3595.60, 3600.44, 170, 6.12, 77, 94, 55.29
BANCOINDIA, EQ, 12-Feb-2026, 690.15, 690.00, 700.90, 667.95, 693.00, 690.90, 688.45, 419990, 2891.42, 22454, 117913, 28.08
BANDHANBNK, EQ, 12-Feb-2026, 168.26, 168.00, 170.10, 164.49, 170.00, 169.54, 168.03, 26226742, 44068.17, 78302, 17405992, 66.37
BANG, EQ, 12-Feb-2026, 45.13, 45.38, 45.40, 44.00, 44.05, 44.28, 44.58, 9889, 4.41, 237, 5059, 51.16
BANKA, EQ, 12-Feb-2026, 60.88, 61.06, 66.90, 60.40, 61.00, 61.37, 62.42, 21551, 13.45, 268, 13112, 60.84
BANKADD, EQ, 12-Feb-2026, 61.99, 61.99, 62.11, 61.83, 62.02, 62.02, 61.96, 30685, 19.01, 154, 29784, 97.06
BANKBARODA, EQ, 12-Feb-2026, 291.20, 291.20, 292.00, 287.80, 289.25, 289.85, 289.84, 6441099, 18668.79, 80729, 3663629, 56.88
BANKBEES, EQ, 12-Feb-2026, 627.67, 628.99, 628.99, 624.67, 627.00, 627.87, 627.73, 574853, 3608.53, 9268, 435035, 75.68
BANKBETA, EQ, 12-Feb-2026, 62.61, 62.89, 62.89, 62.45, 62.76, 62.73, 62.74, 2087839, 1309.95, 1560, 2060132, 98.67
BANKBETF, EQ, 12-Feb-2026, 61.53, 61.53, 61.65, 61.32, 61.58, 61.57, 61.57, 8316, 5.12, 264, 7779, 93.54
BANKETF, EQ, 12-Feb-2026, 616.21, 619.29, 619.29, 615.38, 617.00, 615.86, 616.04, 4352, 26.81, 131, 3359, 77.18
BANKIETF, EQ, 12-Feb-2026, 62.15, 61.89, 62.35, 61.89, 62.35, 62.26, 62.26, 2166567, 1348.86, 2823, 2068302, 95.46
BANKINDIA, EQ, 12-Feb-2026, 167.13, 166.20, 166.90, 163.54, 165.13, 165.28, 165.02, 5243794, 8653.45, 30683, 2032668, 38.76
BANKNIFTY1, EQ, 12-Feb-2026, 627.53, 627.54, 630.00, 626.66, 629.60, 629.34, 629.37, 251719, 1584.24, 1679, 240405, 95.51
BANKPSU, EQ, 12-Feb-2026, 92.77, 92.77, 93.28, 92.10, 92.65, 92.70, 92.75, 20698, 19.20, 319, 13493, 65.19
BANSALWIRE, EQ, 12-Feb-2026, 277.75, 280.95, 281.00, 273.10, 274.80, 278.05, 276.49, 40446, 111.83, 1379, 15489, 38.30
BANSWRAS, EQ, 12-Feb-2026, 119.90, 120.68, 121.11, 117.11, 120.05, 120.51, 119.19, 24011, 28.62, 822, 12520, 52.14
BARFLEX, SM, 12-Feb-2026, 63.10, 63.15, 63.15, 62.80, 63.15, 63.15, 63.03, 6000, 3.78, 3, 6000, 100.00
BASF, EQ, 12-Feb-2026, 3849.70, 3849.70, 3853.70, 3753.00, 3755.80, 3769.10, 3778.19, 14947, 564.73, 3301, 7717, 51.63
BASILIC, SM, 12-Feb-2026, 287.65, 285.35, 285.35, 276.75, 279.50, 280.30, 281.43, 9600, 27.02, 26, 8100, 84.38
BASML, EQ, 12-Feb-2026, 24.80, 25.30, 25.30, 24.50, 24.51, 24.59, 24.69, 61737, 15.24, 367, 38588, 62.50
BATAINDIA, EQ, 12-Feb-2026, 905.00, 904.00, 904.00, 880.00, 880.05, 883.85, 886.89, 118904, 1054.54, 9722, 53696, 45.16
BAYERCROP, EQ, 12-Feb-2026, 4762.40, 4880.00, 4966.80, 4700.00, 4810.30, 4832.90, 4820.15, 116797, 5629.78, 20794, 28408, 24.32
BBETF0432, EQ, 12-Feb-2026, 1308.38, 1312.44, 1312.44, 1308.56, 1310.99, 1309.59, 1309.11, 2229, 29.18, 48, 2039, 91.48
BBL, EQ, 12-Feb-2026, 2542.10, 2556.60, 2569.30, 2503.10, 2513.00, 2515.70, 2539.03, 20732, 526.39, 4482, 10860, 52.38
BBNPNBETF, EQ, 12-Feb-2026, 61.14, 61.16, 61.28, 60.77, 61.21, 61.05, 61.14, 1672, 1.02, 26, 641, 38.34
BBNPPGOLD, EQ, 12-Feb-2026, 150.60, 151.25, 151.75, 150.10, 150.50, 150.45, 150.64, 3023, 4.55, 158, 2160, 71.45
BBOX, EQ, 12-Feb-2026, 582.15, 576.95, 588.95, 547.25, 570.60, 577.75, 566.72, 1856612, 10521.73, 41160, 595169, 32.06
BBTC, EQ, 12-Feb-2026, 1854.20, 1865.50, 1865.50, 1803.20, 1808.00, 1813.00, 1822.06, 30146, 549.28, 3515, 11382, 37.76
BBTCL, EQ, 12-Feb-2026, 187.94, 188.29, 190.00, 185.00, 186.25, 186.25, 186.24, 379, 0.71, 22, 370, 97.63
BCG, EQ, 12-Feb-2026, 14.19, 14.76, 15.10, 13.65, 14.10, 14.23, 14.39, 61632446, 8867.83, 55875, 16308936, 26.46
BCLIND, EQ, 12-Feb-2026, 31.81, 31.81, 31.99, 30.60, 30.90, 30.92, 31.28, 508890, 159.17, 2326, 242944, 47.74
BCONCEPTS, EQ, 12-Feb-2026, 287.45, 281.00, 319.90, 281.00, 318.75, 314.05, 299.99, 9851, 29.55, 578, 4986, 50.61
BDL, EQ, 12-Feb-2026, 1282.60, 1279.00, 1285.00, 1256.00, 1272.50, 1271.60, 1270.79, 1009251, 12825.43, 30970, 235997, 23.38
BEACON, ST, 12-Feb-2026, 88.05, 88.00, 89.75, 87.30, 89.75, 89.30, 88.65, 7000, 6.21, 7, 7000, 100.00
BEARDSELL, EQ, 12-Feb-2026, 29.37, 30.79, 30.79, 28.00, 28.04, 28.61, 28.75, 12165, 3.50, 429, 5933, 48.77
BECTORFOOD, EQ, 12-Feb-2026, 219.21, 222.50, 222.50, 211.29, 212.46, 212.64, 215.12, 447517, 962.72, 19925, 247441, 55.29
BEDMUTHA, EQ, 12-Feb-2026, 135.47, 135.53, 141.70, 133.41, 137.69, 138.60, 138.27, 28470, 39.36, 445, 21859, 76.78
BEL, EQ, 12-Feb-2026, 437.55, 437.00, 444.95, 434.60, 444.00, 443.90, 441.67, 16140306, 71286.67, 155219, 7506038, 46.50
BELLACASA, EQ, 12-Feb-2026, 315.90, 328.95, 328.95, 309.90, 313.95, 314.35, 314.26, 7609, 23.91, 560, 4158, 54.65
BELRISE, EQ, 12-Feb-2026, 191.81, 191.80, 192.67, 187.10, 188.33, 188.27, 189.36, 6584472, 12468.68, 61217, 2628029, 39.91
BEML, EQ, 12-Feb-2026, 1767.60, 1752.10, 1767.40, 1725.40, 1744.00, 1740.40, 1744.43, 246745, 4304.30, 18487, 102568, 41.57
BEPL, EQ, 12-Feb-2026, 86.89, 86.93, 87.00, 85.50, 85.50, 85.96, 86.23, 212209, 182.99, 2165, 104096, 49.05
BERGEPAINT, EQ, 12-Feb-2026, 458.50, 460.45, 465.40, 457.25, 460.05, 460.75, 462.46, 952165, 4403.37, 28910, 604964, 63.54
BESTAGRO, BE, 12-Feb-2026, 18.82, 18.73, 19.39, 18.26, 19.28, 19.26, 18.66, 597677, 111.54, 1365, -, -
BETA, EQ, 12-Feb-2026, 1353.50, 1353.50, 1398.00, 1313.50, 1340.00, 1344.30, 1354.67, 8879, 120.28, 1346, 3204, 36.09
BEWLTD, SM, 12-Feb-2026, 103.15, 102.95, 103.00, 101.65, 102.00, 102.00, 102.42, 6500, 6.66, 13, 4500, 69.23
BFINVEST, EQ, 12-Feb-2026, 422.75, 421.05, 423.45, 410.70, 415.50, 414.15, 416.42, 17404, 72.47, 1065, 9840, 56.54
BFSI, EQ, 12-Feb-2026, 29.19, 29.48, 29.48, 29.17, 29.32, 29.29, 29.25, 185785, 54.35, 830, 166685, 89.72
BFUTILITIE, BZ, 12-Feb-2026, 543.20, 551.50, 551.50, 525.75, 535.00, 535.35, 538.04, 9271, 49.88, 283, -, -
BGRENERGY, EQ, 12-Feb-2026, 350.55, 355.00, 359.70, 345.20, 346.00, 345.90, 350.33, 75150, 263.27, 1786, 43830, 58.32
BHADORA, SM, 12-Feb-2026, 74.80, 71.20, 71.25, 71.00, 71.20, 71.20, 71.08, 10800, 7.68, 5, 8400, 77.78
BHAGCHEM, EQ, 12-Feb-2026, 224.59, 221.20, 223.27, 216.10, 216.36, 217.49, 219.77, 27477, 60.39, 1061, 15367, 55.93
BHAGERIA, EQ, 12-Feb-2026, 163.41, 163.00, 163.00, 158.50, 159.00, 159.15, 160.19, 33140, 53.09, 799, 19813, 59.79
BHAGYANGR, BE, 12-Feb-2026, 165.24, 164.00, 165.99, 160.00, 161.45, 161.53, 161.92, 83459, 135.13, 1194, -, -
BHANDARI, EQ, 12-Feb-2026, 4.25, 4.30, 4.35, 4.00, 4.05, 4.02, 4.10, 495259, 20.33, 983, 299630, 60.50
BHARATCOAL, EQ, 12-Feb-2026, 36.69, 36.60, 36.60, 35.80, 35.99, 36.03, 36.24, 8157678, 2956.49, 31440, 4215176, 51.67
BHARATFORG, EQ, 12-Feb-2026, 1676.40, 1676.00, 1756.90, 1619.60, 1713.70, 1726.70, 1702.61, 5012665, 85346.17, 144440, 1344742, 26.83
BHARATGEAR, EQ, 12-Feb-2026, 115.43, 115.43, 116.60, 111.50, 112.10, 112.21, 113.43, 24325, 27.59, 732, 15615, 64.19
BHARATRAS, EQ, 12-Feb-2026, 1793.10, 1804.80, 1804.80, 1719.00, 1752.50, 1745.60, 1746.26, 16065, 280.54, 2498, 7182, 44.71
BHARATSE, EQ, 12-Feb-2026, 170.83, 173.17, 173.17, 166.30, 168.00, 168.37, 168.19, 59460, 100.01, 1745, 30469, 51.24
BHARATWIRE, EQ, 12-Feb-2026, 175.87, 175.55, 177.97, 172.59, 176.00, 175.79, 175.81, 96841, 170.26, 1414, 50294, 51.93
BHARTIARTL, EQ, 12-Feb-2026, 2012.10, 2019.20, 2027.00, 2009.10, 2016.20, 2014.50, 2018.03, 7437690, 150095.12, 171559, 4388187, 59.00
BHARTIHEXA, EQ, 12-Feb-2026, 1689.30, 1685.30, 1692.00, 1664.00, 1687.00, 1681.90, 1677.69, 65791, 1103.77, 9678, 37147, 56.46
BHEL, EQ, 12-Feb-2026, 260.65, 259.00, 265.80, 259.00, 259.60, 260.60, 262.27, 69540657, 182384.63, 122406, 44679678, 64.25
BIGBLOC, EQ, 12-Feb-2026, 57.75, 58.50, 58.50, 56.50, 56.73, 57.08, 57.13, 63391, 36.22, 1256, 32177, 50.76
BIKAJI, EQ, 12-Feb-2026, 666.50, 666.45, 668.05, 651.70, 653.90, 654.30, 658.94, 119995, 790.69, 11908, 73845, 61.54
BIKEWO, ST, 12-Feb-2026, 19.20, 18.60, 19.25, 18.60, 19.25, 19.25, 19.00, 10000, 1.90, 5, 6000, 60.00
BIL, EQ, 12-Feb-2026, 954.10, 970.00, 978.55, 860.10, 890.00, 892.45, 913.46, 11944, 109.10, 1027, 5971, 49.99
BILVYAPAR, BE, 12-Feb-2026, 7.09, 7.39, 7.39, 6.90, 7.20, 7.17, 7.15, 7129, 0.51, 62, -, -
BIOCON, EQ, 12-Feb-2026, 375.20, 377.20, 389.20, 371.25, 376.20, 375.05, 379.40, 8323909, 31580.52, 79274, 2310214, 27.75
BIOFILCHEM, EQ, 12-Feb-2026, 37.86, 37.43, 38.06, 36.55, 36.56, 36.95, 37.34, 18601, 6.95, 306, 11865, 63.79
BIRDYS, SM, 12-Feb-2026, 117.00, 118.00, 118.00, 118.00, 118.00, 118.00, 118.00, 1200, 1.42, 1, 1200, 100.00
BIRET, RR, 12-Feb-2026, 365.92, 368.15, 369.65, 362.00, 364.97, 363.28, 365.46, 203775, 744.71, 6125, 170483, 83.66
BIRLACABLE, EQ, 12-Feb-2026, 149.32, 147.00, 147.51, 137.81, 143.49, 143.41, 142.69, 79122, 112.90, 2096, 35343, 44.67
BIRLACORPN, EQ, 12-Feb-2026, 1098.40, 1098.40, 1098.40, 1072.10, 1076.00, 1075.00, 1083.31, 36453, 394.90, 4526, 19098, 52.39
BIRLAMONEY, EQ, 12-Feb-2026, 134.75, 135.05, 137.38, 131.49, 136.98, 135.90, 134.85, 86561, 116.72, 1613, 21761, 25.14
BIRLANU, EQ, 12-Feb-2026, 1811.50, 1820.00, 1820.00, 1780.20, 1799.00, 1803.80, 1799.97, 6042, 108.75, 858, 4148, 68.65
BLACKBUCK, EQ, 12-Feb-2026, 613.00, 609.10, 638.20, 596.30, 636.00, 636.00, 624.12, 802983, 5011.62, 37257, 366959, 45.70
BLAL, EQ, 12-Feb-2026, 188.98, 190.00, 193.59, 188.01, 191.70, 191.04, 190.97, 16354, 31.23, 672, 9976, 61.00
BLBLIMITED, EQ, 12-Feb-2026, 13.92, 14.01, 14.25, 13.86, 14.15, 14.12, 14.10, 23735, 3.35, 227, 19282, 81.24
BLISSGVS, EQ, 12-Feb-2026, 214.22, 215.00, 225.20, 212.85, 217.90, 218.20, 218.99, 6072672, 13298.57, 40775, 1841510, 30.32
BLKASHYAP, EQ, 12-Feb-2026, 53.84, 53.42, 54.16, 51.25, 52.04, 51.92, 52.37, 797508, 417.65, 4685, 315211, 39.52
BLS, EQ, 12-Feb-2026, 284.60, 284.30, 284.30, 278.55, 279.90, 280.45, 280.50, 699911, 1963.25, 16492, 235023, 33.58
BLSE, EQ, 12-Feb-2026, 166.10, 167.00, 167.00, 163.79, 166.70, 166.40, 165.30, 74182, 122.62, 1417, 33810, 45.58
BLUECHIP, EQ, 12-Feb-2026, 2.43, 2.47, 2.47, 2.47, 2.47, 2.47, 2.47, 16185, 0.40, 52, 16185, 100.00
BLUECOAST, EQ, 12-Feb-2026, 25.70, 26.39, 26.39, 24.62, 26.07, 25.55, 25.63, 5857, 1.50, 62, 2798, 47.77
BLUEDART, EQ, 12-Feb-2026, 5836.00, 5836.00, 5850.50, 5769.00, 5840.50, 5833.50, 5822.72, 6703, 390.30, 2321, 3219, 48.02
BLUEJET, EQ, 12-Feb-2026, 442.15, 442.00, 449.00, 434.50, 441.70, 441.40, 443.30, 282649, 1252.98, 7973, 152489, 53.95
BLUEPEBBLE, SM, 12-Feb-2026, 153.25, 153.20, 157.95, 151.10, 153.00, 153.00, 153.36, 7200, 11.04, 13, 2800, 38.89
BLUESTARCO, EQ, 12-Feb-2026, 1962.20, 1962.20, 1988.70, 1945.20, 1975.30, 1974.00, 1963.55, 685935, 13468.70, 34102, 437391, 63.77
BLUESTONE, EQ, 12-Feb-2026, 447.40, 447.90, 455.85, 433.00, 451.00, 450.70, 447.08, 280400, 1253.62, 12002, 80674, 28.77
BLUEWATER, SM, 12-Feb-2026, 150.90, 156.90, 156.90, 145.00, 149.95, 149.95, 149.67, 25000, 37.42, 25, 20000, 80.00
BLUSPRING, EQ, 12-Feb-2026, 63.06, 63.00, 66.88, 63.00, 64.21, 64.35, 65.28, 276153, 180.27, 2966, 108191, 39.18
BMETRICS, SM, 12-Feb-2026, 38.55, 38.70, 38.70, 36.25, 38.30, 38.30, 37.79, 9600, 3.63, 11, 8000, 83.33
BMWVENTLTD, EQ, 12-Feb-2026, 58.21, 57.35, 58.66, 56.50, 57.80, 57.57, 57.85, 88403, 51.14, 910, 50942, 57.62
BODALCHEM, EQ, 12-Feb-2026, 50.56, 50.25, 51.54, 50.25, 51.44, 51.29, 51.07, 106528, 54.40, 1408, 62953, 59.10
BOHRAIND, EQ, 12-Feb-2026, 19.01, 19.33, 19.96, 19.33, 19.90, 19.90, 19.61, 5666, 1.11, 25, 5306, 93.65
BOMDYEING, EQ, 12-Feb-2026, 123.05, 119.00, 121.37, 117.29, 119.40, 119.61, 119.83, 962504, 1153.35, 9300, 361265, 37.53
BORANA, BE, 12-Feb-2026, 370.35, 370.00, 379.90, 364.05, 375.25, 377.85, 371.62, 17937, 66.66, 268, -, -
BOROLTD, EQ, 12-Feb-2026, 247.20, 249.00, 257.80, 246.45, 254.85, 252.45, 252.52, 137400, 346.96, 4234, 50962, 37.09
BORORENEW, EQ, 12-Feb-2026, 501.15, 501.00, 508.90, 495.25, 505.20, 505.80, 505.00, 514999, 2600.74, 14017, 224206, 43.54
BOROSCI, EQ, 12-Feb-2026, 105.50, 126.60, 126.60, 112.15, 116.50, 116.55, 124.32, 1787981, 2222.82, 10342, 404024, 22.60
BOSCH-HCIL, EQ, 12-Feb-2026, 1401.10, 1418.70, 1418.70, 1370.00, 1372.10, 1381.90, 1392.40, 5979, 83.25, 843, 3192, 53.39
BOSCHLTD, EQ, 12-Feb-2026, 36570.00, 36570.00, 36750.00, 36310.00, 36540.00, 36495.00, 36516.31, 9373, 3422.67, 5115, 2962, 31.60
BOSS, SM, 12-Feb-2026, 37.45, 37.45, 39.30, 35.75, 39.30, 38.10, 37.93, 8000, 3.03, 4, 2000, 25.00
BPCL, EQ, 12-Feb-2026, 387.60, 387.05, 389.50, 373.55, 377.90, 377.70, 379.32, 6352805, 24097.74, 94295, 3698858, 58.22
BPL, EQ, 12-Feb-2026, 59.38, 59.67, 60.47, 59.00, 59.25, 59.49, 59.85, 40464, 24.22, 550, 25114, 62.07
BRACEPORT, SM, 12-Feb-2026, 79.00, 79.50, 82.90, 79.50, 82.90, 82.25, 80.71, 12800, 10.33, 7, 12800, 100.00
BRANDMAN, ST, 12-Feb-2026, 192.15, 201.75, 201.75, 185.10, 201.75, 201.75, 200.75, 685600, 1376.37, 522, 640800, 93.47
BRIGADE, EQ, 12-Feb-2026, 802.45, 801.00, 801.10, 780.90, 793.00, 796.55, 792.05, 161083, 1275.87, 8966, 75602, 46.93
BRIGHOTEL, EQ, 12-Feb-2026, 61.59, 61.55, 64.30, 60.85, 62.45, 62.29, 63.11, 538989, 340.17, 9392, 359409, 66.68
BRITANNIA, EQ, 12-Feb-2026, 6019.00, 6057.00, 6148.00, 6020.00, 6086.50, 6102.00, 6088.92, 455997, 27765.30, 27822, 294024, 64.48
BRNL, EQ, 12-Feb-2026, 21.40, 21.29, 21.30, 20.51, 20.95, 20.73, 20.93, 37267, 7.80, 422, 28430, 76.29
BROOKS, EQ, 12-Feb-2026, 78.14, 77.00, 82.44, 76.25, 76.51, 77.35, 79.17, 142453, 112.78, 2062, 41910, 29.42
BSE, EQ, 12-Feb-2026, 3177.10, 3169.00, 3179.00, 3130.50, 3140.00, 3143.20, 3156.23, 2525871, 79722.24, 90701, 697185, 27.60
BSE500IETF, EQ, 12-Feb-2026, 40.06, 40.26, 40.29, 39.82, 39.93, 39.94, 40.03, 2217476, 887.65, 1587, 1398977, 63.09
BSHSL, EQ, 12-Feb-2026, 91.90, 92.10, 92.20, 89.00, 89.70, 89.35, 90.26, 10004, 9.03, 259, 6900, 68.97
BSL, EQ, 12-Feb-2026, 142.87, 142.80, 144.69, 137.10, 138.02, 138.77, 139.55, 2047, 2.86, 200, 1239, 60.53
BSLGOLDETF, EQ, 12-Feb-2026, 136.88, 133.45, 137.63, 133.45, 136.91, 136.59, 136.38, 708460, 966.21, 5765, 527134, 74.41
BSLNIFTY, EQ, 12-Feb-2026, 30.24, 30.99, 30.99, 30.01, 30.10, 30.05, 30.11, 210937, 63.52, 4367, 128897, 61.11
BSLSENETFG, EQ, 12-Feb-2026, 84.82, 85.79, 85.80, 82.85, 82.85, 83.07, 83.43, 5490, 4.58, 137, 3990, 72.68
BSOFT, EQ, 12-Feb-2026, 465.05, 460.40, 460.40, 430.35, 431.00, 433.85, 440.09, 2879398, 12671.85, 62320, 1201805, 41.74
BTML, EQ, 12-Feb-2026, 7.61, 7.61, 7.76, 7.50, 7.51, 7.54, 7.63, 146583, 11.18, 279, 93871, 64.04
BUILDPRO, EQ, 12-Feb-2026, 859.70, 900.00, 968.00, 881.65, 920.00, 925.85, 933.29, 272641, 2544.53, 14132, 95859, 35.16
BULKCORP, SM, 12-Feb-2026, 53.45, 53.45, 53.45, 53.45, 53.45, 53.45, 53.45, 1200, 0.64, 1, 1200, 100.00
BUTTERFLY, EQ, 12-Feb-2026, 634.20, 634.20, 644.15, 621.80, 623.50, 636.20, 634.32, 5356, 33.97, 565, 1794, 33.50
BVCL, EQ, 12-Feb-2026, 45.49, 46.75, 46.75, 45.11, 46.47, 45.80, 45.64, 22544, 10.29, 425, 10702, 47.47
BYKE, EQ, 12-Feb-2026, 51.81, 52.00, 52.79, 51.05, 51.50, 51.51, 51.81, 75193, 38.96, 635, 52382, 69.66
C2C, SM, 12-Feb-2026, 381.55, 383.70, 400.00, 382.10, 385.00, 387.90, 393.50, 58950, 231.97, 311, 46500, 78.88
CALSOFT, EQ, 12-Feb-2026, 14.64, 14.64, 14.64, 13.75, 14.25, 14.29, 14.31, 16215, 2.32, 178, 12936, 79.78
CAMLINFINE, EQ, 12-Feb-2026, 172.47, 173.80, 173.80, 168.93, 169.30, 169.55, 170.55, 308629, 526.37, 5142, 173198, 56.12
CAMPUS, EQ, 12-Feb-2026, 277.70, 279.20, 279.40, 273.30, 276.25, 276.15, 275.98, 209873, 579.21, 6898, 97809, 46.60
CAMS, EQ, 12-Feb-2026, 747.10, 743.30, 744.75, 727.00, 730.00, 730.40, 732.66, 822033, 6022.68, 26727, 437674, 53.24
CANARYS, SM, 12-Feb-2026, 30.20, 29.00, 29.00, 28.10, 28.35, 28.65, 28.66, 72000, 20.63, 18, 56000, 77.78
CANBK, EQ, 12-Feb-2026, 145.51, 145.50, 145.80, 143.65, 144.70, 144.81, 144.54, 20031934, 28953.57, 67074, 10793109, 53.88
CANFINHOME, EQ, 12-Feb-2026, 898.80, 904.00, 907.95, 880.75, 888.00, 888.40, 896.94, 144485, 1295.94, 12218, 70721, 48.95
CANHLIFE, EQ, 12-Feb-2026, 148.64, 150.58, 150.58, 146.74, 147.00, 147.09, 147.83, 1350049, 1995.78, 10403, 1050697, 77.83
CANTABIL, EQ, 12-Feb-2026, 304.95, 306.95, 316.95, 301.35, 311.70, 311.00, 309.54, 349799, 1082.77, 7054, 163987, 46.88
CAPACITE, EQ, 12-Feb-2026, 253.86, 247.20, 274.00, 242.91, 263.03, 264.63, 264.20, 1418392, 3747.34, 24706, 482823, 34.04
CAPILLARY, EQ, 12-Feb-2026, 577.55, 575.00, 575.00, 555.30, 562.95, 562.15, 561.78, 270957, 1522.17, 9487, 156804, 57.87
CAPINVIT, IV, 12-Feb-2026, 71.98, 72.30, 72.30, 71.50, 71.88, 71.90, 71.91, 226159, 162.63, 3003, 208242, 92.08
CAPITALSFB, EQ, 12-Feb-2026, 272.00, 270.00, 272.00, 268.30, 270.75, 270.90, 270.04, 23699, 64.00, 422, 17606, 74.29
CAPLIPOINT, EQ, 12-Feb-2026, 1746.70, 1750.90, 1755.40, 1726.00, 1731.00, 1736.80, 1739.05, 42026, 730.85, 5827, 16646, 39.61
CAPTRUST, EQ, 12-Feb-2026, 14.55, 15.00, 15.14, 13.90, 14.15, 13.97, 14.31, 40965, 5.86, 302, 30869, 75.35
CARBORUNIV, EQ, 12-Feb-2026, 844.65, 845.00, 845.00, 818.00, 837.80, 835.75, 831.79, 112462, 935.45, 7874, 43068, 38.30
CARERATING, EQ, 12-Feb-2026, 1598.30, 1632.90, 1690.90, 1601.60, 1620.00, 1614.60, 1651.13, 141933, 2343.49, 13180, 59515, 41.93
CARRARO, EQ, 12-Feb-2026, 581.75, 591.00, 614.50, 565.60, 567.00, 573.65, 589.65, 499363, 2944.49, 18940, 118803, 23.79
CARTRADE, EQ, 12-Feb-2026, 2130.60, 2140.00, 2160.00, 2093.00, 2131.00, 2128.60, 2125.67, 515185, 10951.15, 85886, 291152, 56.51
CARYSIL, EQ, 12-Feb-2026, 985.50, 979.95, 980.50, 961.20, 974.90, 968.90, 973.60, 25006, 243.46, 2513, 12068, 48.26
CASHIETF, EQ, 12-Feb-2026, 1049.17, 1049.31, 1049.31, 1049.29, 1049.31, 1049.31, 1049.31, 111096, 1165.74, 80, 99623, 89.67
CASTROLIND, EQ, 12-Feb-2026, 186.88, 186.88, 187.90, 185.51, 186.67, 186.71, 186.82, 1487736, 2779.37, 27364, 804267, 54.06
CBAZAAR, ST, 12-Feb-2026, 4.45, 4.50, 4.50, 4.50, 4.50, 4.50, 4.50, 16000, 0.72, 2, 16000, 100.00
CCAVENUE, EQ, 12-Feb-2026, 19.28, 19.39, 19.43, 18.50, 18.59, 18.59, 18.95, 12992356, 2462.61, 20622, 5712558, 43.97
CCCL, EQ, 12-Feb-2026, 18.20, 18.29, 18.54, 17.21, 17.64, 17.43, 17.75, 457473, 81.20, 798, 336605, 73.58
CCHHL, EQ, 12-Feb-2026, 13.96, 14.01, 15.50, 14.01, 14.10, 14.18, 14.34, 5100, 0.73, 92, 4533, 88.88
CCL, EQ, 12-Feb-2026, 1014.15, 1012.00, 1012.00, 977.10, 987.50, 994.15, 990.52, 151247, 1498.13, 12386, 71694, 47.40
CDSL, EQ, 12-Feb-2026, 1397.20, 1395.00, 1395.10, 1367.00, 1369.40, 1370.20, 1375.71, 1133736, 15596.97, 37948, 459692, 40.55
CEATLTD, EQ, 12-Feb-2026, 4065.60, 4065.60, 4066.10, 3972.00, 3982.00, 3988.00, 4010.52, 62838, 2520.13, 9694, 28518, 45.38
CEDAAR, SM, 12-Feb-2026, 40.35, 41.00, 41.00, 36.50, 40.00, 38.55, 38.67, 22000, 8.51, 15, 15000, 68.18
CEIGALL, EQ, 12-Feb-2026, 296.55, 300.90, 302.85, 297.05, 299.00, 299.30, 299.48, 479514, 1436.04, 8827, 205042, 42.76
CELEBRITY, EQ, 12-Feb-2026, 8.77, 8.90, 9.15, 8.80, 9.08, 8.95, 8.95, 28629, 2.56, 145, 21145, 73.86
CELLECOR, SM, 12-Feb-2026, 27.75, 27.75, 27.75, 27.25, 27.35, 27.40, 27.52, 117000, 32.20, 32, 90000, 76.92
CELLO, EQ, 12-Feb-2026, 511.85, 510.20, 511.00, 505.00, 507.50, 507.65, 507.45, 61170, 310.40, 3124, 39057, 63.85
CELLPOINT, SM, 12-Feb-2026, 15.95, 15.30, 16.00, 15.30, 15.75, 15.75, 15.54, 10800, 1.68, 9, 6000, 55.56
CEMPRO, EQ, 12-Feb-2026, 635.80, 635.50, 636.15, 611.80, 617.70, 619.95, 620.58, 477119, 2960.88, 25065, 240156, 50.33
CENTENKA, EQ, 12-Feb-2026, 463.65, 466.20, 466.20, 455.00, 457.95, 456.10, 459.09, 11223, 51.52, 694, 6210, 55.33
CENTEXT, EQ, 12-Feb-2026, 22.06, 22.70, 23.66, 22.16, 22.58, 22.62, 22.95, 314632, 72.21, 1761, 196916, 62.59
CENTRALBK, EQ, 12-Feb-2026, 37.81, 37.81, 37.90, 37.37, 37.43, 37.43, 37.65, 4686608, 1764.33, 13130, 2075002, 44.28
CENTRUM, EQ, 12-Feb-2026, 27.56, 26.61, 27.07, 26.05, 26.50, 26.43, 26.52, 254002, 67.37, 1133, 148347, 58.40
CENTUM, EQ, 12-Feb-2026, 2479.80, 2480.00, 2502.90, 2460.90, 2495.00, 2488.60, 2483.83, 14894, 369.94, 2614, 9090, 61.03
CENTURYPLY, EQ, 12-Feb-2026, 778.35, 777.00, 786.00, 771.05, 781.25, 777.50, 777.57, 30838, 239.79, 3016, 6977, 22.62
CERA, EQ, 12-Feb-2026, 5216.40, 5230.50, 5267.90, 5170.60, 5180.00, 5191.50, 5215.44, 7894, 411.71, 2251, 3066, 38.84
CEREBRAINT, BZ, 12-Feb-2026, 5.27, 5.29, 5.35, 5.19, 5.28, 5.24, 5.27, 52681, 2.78, 147, -, -
CESC, EQ, 12-Feb-2026, 155.94, 155.07, 155.70, 152.65, 153.68, 154.06, 154.41, 927947, 1432.86, 20960, 398217, 42.91
CEWATER, EQ, 12-Feb-2026, 421.95, 421.95, 421.95, 407.55, 415.00, 414.25, 412.18, 20306, 83.70, 891, 11695, 57.59
CGCL, EQ, 12-Feb-2026, 177.61, 178.20, 180.31, 175.16, 179.30, 179.30, 178.49, 1178185, 2102.95, 9617, 815923, 69.25
CGPOWER, EQ, 12-Feb-2026, 685.60, 685.85, 688.90, 678.60, 687.00, 685.10, 684.38, 1950086, 13345.91, 35960, 1114057, 57.13
CGRAPHICS, SM, 12-Feb-2026, 164.90, 162.90, 165.00, 158.60, 160.00, 159.55, 160.51, 26400, 42.38, 30, 20000, 75.76
CHALET, EQ, 12-Feb-2026, 878.70, 878.70, 885.00, 865.55, 877.00, 877.10, 879.58, 95531, 840.27, 9951, 57221, 59.90
CHAMBLFERT, EQ, 12-Feb-2026, 465.45, 466.80, 466.85, 455.15, 460.20, 460.00, 459.28, 1032439, 4741.76, 24594, 447084, 43.30
CHAMUNDA, SM, 12-Feb-2026, 45.10, 46.75, 46.75, 45.00, 45.00, 45.00, 45.62, 21000, 9.58, 6, 15000, 71.43
CHANDAN, SM, 12-Feb-2026, 296.55, 296.55, 296.55, 294.50, 296.55, 295.75, 295.60, 9600, 28.38, 10, 8000, 83.33
CHAVDA, SM, 12-Feb-2026, 108.15, 107.10, 107.65, 105.60, 106.80, 106.40, 106.77, 17000, 18.15, 17, 12000, 70.59
CHEMBOND, EQ, 12-Feb-2026, 159.61, 157.61, 159.60, 156.06, 156.60, 156.83, 157.78, 4123, 6.51, 263, 2173, 52.70
CHEMBONDCH, EQ, 12-Feb-2026, 162.85, 158.01, 167.40, 157.31, 165.00, 164.43, 161.99, 19735, 31.97, 510, 13377, 67.78
CHEMCON, EQ, 12-Feb-2026, 187.04, 185.30, 188.00, 183.10, 187.00, 185.85, 185.61, 36417, 67.60, 2357, 21992, 60.39
CHEMFAB, EQ, 12-Feb-2026, 400.90, 406.90, 406.90, 394.00, 405.00, 401.80, 398.75, 6644, 26.49, 540, 2084, 31.37
CHEMICAL, EQ, 12-Feb-2026, 29.06, 29.78, 29.78, 28.74, 29.00, 28.87, 28.86, 160570, 46.34, 778, 135828, 84.59
CHEMPLASTS, EQ, 12-Feb-2026, 316.40, 311.80, 338.95, 308.30, 336.00, 333.90, 329.93, 699720, 2308.62, 18533, 231793, 33.13
CHENNPETRO, EQ, 12-Feb-2026, 926.40, 926.00, 927.00, 891.00, 900.00, 897.60, 906.25, 777610, 7047.12, 26390, 272585, 35.05
CHETANA, SM, 12-Feb-2026, 47.10, 47.10, 48.95, 44.10, 48.70, 48.70, 46.39, 24000, 11.13, 10, 19200, 80.00
CHEVIOT, EQ, 12-Feb-2026, 1064.40, 1078.00, 1078.00, 1055.00, 1078.00, 1073.00, 1070.98, 1682, 18.01, 151, 1246, 74.08
CHOICEGOLD, EQ, 12-Feb-2026, 154.07, 154.07, 155.00, 153.79, 155.00, 154.06, 154.04, 16601, 25.57, 433, 10087, 60.76
CHOICEIN, EQ, 12-Feb-2026, 776.40, 776.00, 777.90, 765.05, 766.00, 766.65, 769.37, 382927, 2946.13, 8430, 121989, 31.86
CHOLAFIN, EQ, 12-Feb-2026, 1723.00, 1718.00, 1741.00, 1699.00, 1738.00, 1731.80, 1726.10, 1316309, 22720.79, 38011, 830190, 63.07
CHOLAHLDNG, EQ, 12-Feb-2026, 1773.90, 1769.90, 1769.90, 1727.00, 1760.00, 1758.90, 1753.36, 73291, 1285.05, 11730, 38597, 52.66
CIEINDIA, EQ, 12-Feb-2026, 453.10, 450.00, 457.95, 447.15, 450.00, 449.80, 452.74, 173225, 784.26, 10232, 81751, 47.19
CIFL, EQ, 12-Feb-2026, 32.56, 32.69, 33.14, 32.06, 32.50, 32.81, 32.83, 80583, 26.45, 376, 36790, 45.65
CIGNITITEC, EQ, 12-Feb-2026, 1484.40, 1475.00, 1475.00, 1362.80, 1388.70, 1390.30, 1404.78, 140798, 1977.90, 9470, 58653, 41.66
CINELINE, EQ, 12-Feb-2026, 87.64, 88.32, 88.55, 85.54, 88.00, 87.25, 86.79, 10607, 9.21, 276, 8075, 76.13
CINEVISTA, EQ, 12-Feb-2026, 15.76, 15.82, 16.22, 15.56, 15.70, 15.67, 15.82, 46963, 7.43, 161, 29580, 62.99
CIPLA, EQ, 12-Feb-2026, 1349.90, 1349.90, 1350.00, 1321.60, 1329.80, 1330.00, 1332.60, 1613374, 21499.83, 49480, 949764, 58.87
CKKRETAIL, ST, 12-Feb-2026, 198.05, 207.95, 207.95, 207.90, 207.95, 207.95, 207.95, 344000, 715.34, 187, 286400, 83.26
CLASSICEIL, SM, 12-Feb-2026, 51.90, 49.00, 52.50, 48.00, 52.25, 52.10, 48.72, 121600, 59.25, 76, 97600, 80.26
CLEAN, EQ, 12-Feb-2026, 783.20, 783.00, 783.00, 752.90, 773.05, 773.05, 766.21, 320933, 2459.01, 18058, 136942, 42.67
CLEDUCATE, EQ, 12-Feb-2026, 50.98, 51.49, 52.78, 49.58, 51.30, 51.06, 50.91, 341908, 174.06, 2156, 265478, 77.65
CLSEL, EQ, 12-Feb-2026, 271.18, 271.18, 276.00, 266.28, 274.99, 274.78, 272.28, 50137, 136.51, 1163, 30589, 61.01
CLSL, SM, 12-Feb-2026, 47.00, 47.00, 47.00, 47.00, 47.00, 47.00, 47.00, 2000, 0.94, 1, 2000, 100.00
CMSINFO, EQ, 12-Feb-2026, 324.20, 324.20, 324.20, 313.55, 314.50, 314.70, 315.98, 454182, 1435.13, 14081, 302373, 66.58
CNL, EQ, 12-Feb-2026, 678.30, 678.30, 690.05, 649.00, 652.00, 654.10, 660.31, 21449, 141.63, 989, 15070, 70.26
COALINDIA, EQ, 12-Feb-2026, 423.25, 423.75, 425.95, 416.15, 419.20, 419.15, 419.93, 5987886, 25144.64, 84962, 2800848, 46.78
COASTCORP, BE, 12-Feb-2026, 50.30, 48.20, 52.70, 48.00, 52.19, 51.31, 50.67, 147388, 74.69, 525, -, -
COCHINSHIP, EQ, 12-Feb-2026, 1513.70, 1513.70, 1515.80, 1495.00, 1497.00, 1500.40, 1502.03, 369959, 5556.90, 21009, 139687, 37.76
COFFEEDAY, EQ, 12-Feb-2026, 32.05, 32.05, 32.05, 31.31, 31.50, 31.55, 31.60, 378576, 119.64, 1695, 204856, 54.11
COFORGE, EQ, 12-Feb-2026, 1520.40, 1500.00, 1501.00, 1412.30, 1419.90, 1421.50, 1434.84, 5303522, 76097.06, 189193, 2547390, 48.03
COHANCE, EQ, 12-Feb-2026, 355.25, 355.00, 355.00, 340.50, 352.00, 350.75, 348.26, 750714, 2614.40, 23546, 319412, 42.55
COLPAL, EQ, 12-Feb-2026, 2173.40, 2173.40, 2173.40, 2130.00, 2136.00, 2138.90, 2147.27, 142131, 3051.94, 12817, 64566, 45.43
COMMOIETF, EQ, 12-Feb-2026, 102.37, 101.82, 102.36, 101.12, 101.90, 101.81, 101.83, 77109, 78.52, 792, 44014, 57.08
COMPINFO, BZ, 12-Feb-2026, 1.45, 1.45, 1.52, 1.40, 1.52, 1.50, 1.47, 36458, 0.54, 48, -, -
COMPUSOFT, EQ, 12-Feb-2026, 14.85, 14.70, 15.10, 14.70, 14.96, 14.86, 14.89, 28675, 4.27, 171, 26836, 93.59
COMSYN, BE, 12-Feb-2026, 180.11, 182.00, 183.98, 180.11, 182.90, 182.33, 181.73, 35301, 64.15, 161, -, -
CONCOR, EQ, 12-Feb-2026, 515.15, 513.45, 514.50, 504.30, 504.30, 506.85, 508.44, 656800, 3339.42, 15778, 313263, 47.70
CONCORDBIO, EQ, 12-Feb-2026, 1244.80, 1200.00, 1272.90, 1186.00, 1225.00, 1228.90, 1234.54, 230285, 2842.96, 19541, 41905, 18.20
CONFIPET, EQ, 12-Feb-2026, 34.08, 34.50, 34.56, 33.50, 33.94, 34.11, 33.98, 281361, 95.61, 1902, 125417, 44.58
CONNPLEX, SM, 12-Feb-2026, 260.00, 260.00, 260.00, 254.05, 259.35, 259.35, 257.52, 16000, 41.20, 18, 12800, 80.00
CONS, EQ, 12-Feb-2026, 122.53, 122.72, 123.07, 122.68, 123.05, 123.03, 122.87, 3067, 3.77, 51, 1930, 62.93
CONSOFINVT, EQ, 12-Feb-2026, 234.77, 233.10, 241.55, 227.00, 239.68, 239.80, 235.62, 79273, 186.78, 768, 66441, 83.81
CONSUMBEES, EQ, 12-Feb-2026, 133.28, 133.55, 133.55, 132.50, 132.72, 132.80, 132.85, 76642, 101.82, 1110, 49669, 64.81
CONSUMER, EQ, 12-Feb-2026, 11.77, 11.82, 11.82, 11.65, 11.73, 11.72, 11.71, 195410, 22.88, 477, 128101, 65.55
CONSUMIETF, EQ, 12-Feb-2026, 124.02, 124.64, 125.52, 123.20, 125.52, 124.05, 123.85, 32511, 40.27, 288, 24562, 75.55
CONTI, SM, 12-Feb-2026, 18.20, 18.20, 18.20, 18.20, 18.20, 18.20, 18.20, 3333, 0.61, 1, 3333, 100.00
CONTROLPR, EQ, 12-Feb-2026, 629.80, 625.05, 630.40, 621.50, 621.80, 623.30, 624.84, 14738, 92.09, 1265, 9405, 63.81
COOLCAPS, SM, 12-Feb-2026, 25.90, 24.65, 27.15, 24.65, 27.15, 27.15, 25.43, 752500, 191.39, 257, 483750, 64.29
CORALFINAC, EQ, 12-Feb-2026, 36.09, 36.98, 36.98, 35.34, 35.87, 36.24, 36.18, 8462, 3.06, 228, 3602, 42.57
CORDSCABLE, EQ, 12-Feb-2026, 177.43, 179.91, 180.25, 175.50, 178.00, 177.25, 177.55, 12429, 22.07, 397, 6588, 53.01
COROMANDEL, EQ, 12-Feb-2026, 2277.80, 2271.00, 2276.60, 2231.00, 2268.00, 2270.20, 2255.06, 356015, 8028.34, 33466, 199621, 56.07
CORONA, EQ, 12-Feb-2026, 1606.70, 1614.90, 1636.00, 1604.20, 1614.50, 1614.10, 1618.61, 17505, 283.34, 2751, 5507, 31.46
COSMOFIRST, EQ, 12-Feb-2026, 663.35, 653.40, 708.00, 618.60, 700.00, 700.00, 664.31, 275691, 1831.43, 11413, 80220, 29.10
COUNCODOS, EQ, 12-Feb-2026, 5.20, 5.20, 5.40, 5.01, 5.09, 5.10, 5.19, 59589, 3.09, 212, 39264, 65.89
CPCAP, EQ, 12-Feb-2026, 97.32, 99.27, 99.27, 96.00, 96.89, 96.63, 97.08, 2992, 2.90, 140, 2282, 76.27
CPEDU, EQ, 12-Feb-2026, 224.08, 216.00, 226.00, 214.82, 223.85, 220.58, 218.96, 9773, 21.40, 871, 4462, 45.66
CPPLUS, EQ, 12-Feb-2026, 1582.80, 1582.80, 1582.80, 1533.50, 1539.00, 1546.20, 1548.23, 181878, 2815.89, 17079, 93845, 51.60
CPS, ST, 12-Feb-2026, 1275.00, 1275.00, 1281.35, 1275.00, 1276.00, 1276.00, 1276.47, 750, 9.57, 5, 750, 100.00
CPSEETF, EQ, 12-Feb-2026, 100.55, 100.55, 101.40, 99.88, 100.47, 100.44, 100.55, 1538170, 1546.62, 8778, 927062, 60.27
CRAFTSMAN, EQ, 12-Feb-2026, 8119.00, 8140.50, 8150.00, 7925.00, 7940.00, 7973.50, 8022.76, 58477, 4691.47, 10660, 40151, 68.66
CRAMC, EQ, 12-Feb-2026, 264.90, 263.00, 263.00, 257.10, 260.50, 260.05, 260.28, 603934, 1571.90, 12776, 336054, 55.64
CREATIVEYE, EQ, 12-Feb-2026, 6.84, 6.87, 6.88, 6.61, 6.87, 6.77, 6.72, 3104, 0.21, 99, 2921, 94.10
CREDITACC, EQ, 12-Feb-2026, 1272.20, 1272.20, 1279.20, 1248.10, 1268.00, 1267.80, 1264.81, 157439, 1991.30, 14855, 67050, 42.59
CREST, EQ, 12-Feb-2026, 373.85, 374.25, 375.80, 358.00, 363.55, 363.60, 367.01, 12534, 46.00, 730, 9364, 74.71
CRISIL, EQ, 12-Feb-2026, 4695.60, 4724.50, 4724.50, 4611.00, 4665.00, 4665.20, 4657.65, 36057, 1679.41, 7811, 17129, 47.51
CRIZAC, EQ, 12-Feb-2026, 239.05, 240.15, 242.00, 236.85, 239.85, 240.35, 240.13, 160287, 384.89, 5984, 92416, 57.66
CROMPTON, EQ, 12-Feb-2026, 266.04, 265.00, 267.69, 261.19, 264.32, 264.40, 263.58, 3035533, 8001.12, 31102, 1502776, 49.51
CROWN, EQ, 12-Feb-2026, 129.56, 132.32, 155.47, 129.56, 155.47, 155.34, 150.05, 246681, 370.15, 4049, 153238, 62.12
CSBBANK, EQ, 12-Feb-2026, 411.45, 411.45, 411.95, 399.35, 399.90, 403.85, 406.17, 581174, 2360.56, 11088, 336555, 57.91
CSLFINANCE, EQ, 12-Feb-2026, 262.10, 272.00, 272.00, 260.00, 262.30, 262.70, 262.49, 11058, 29.03, 650, 6587, 59.57
CSSL, SM, 12-Feb-2026, 134.70, 133.50, 135.50, 132.00, 132.00, 132.00, 133.57, 23000, 30.72, 20, 18000, 78.26
CTE, EQ, 12-Feb-2026, 34.55, 36.30, 36.30, 32.74, 35.70, 35.32, 34.16, 40487, 13.83, 559, 18324, 45.26
CUB, EQ, 12-Feb-2026, 290.70, 290.45, 290.50, 281.50, 286.05, 286.40, 284.84, 1151293, 3279.39, 31214, 533090, 46.30
CUBEINVIT, IV, 12-Feb-2026, 140.00, 140.00, 140.00, 139.75, 139.75, 139.98, 139.99, 3100000, 4339.63, 45, 3100000, 100.00
CUBEXTUB, EQ, 12-Feb-2026, 112.91, 114.83, 121.00, 113.23, 120.00, 119.37, 117.98, 362777, 428.01, 6386, 150991, 41.62
CUMMINSIND, EQ, 12-Feb-2026, 4363.20, 4384.00, 4441.70, 4342.60, 4440.00, 4429.30, 4408.10, 360796, 15904.24, 40866, 182602, 50.61
CUPID, EQ, 12-Feb-2026, 433.95, 434.00, 436.60, 426.35, 429.20, 429.25, 431.92, 2216312, 9572.68, 23689, 438943, 19.81
CURAA, BE, 12-Feb-2026, 88.56, 88.00, 88.00, 88.00, 88.00, 88.00, 88.00, 11, 0.01, 3, -, -
CYBERMEDIA, EQ, 12-Feb-2026, 15.52, 15.96, 15.96, 15.30, 15.30, 15.51, 15.75, 4310, 0.68, 18, 4295, 99.65
CYBERTECH, EQ, 12-Feb-2026, 138.91, 134.00, 134.99, 127.13, 130.80, 130.72, 130.80, 89798, 117.46, 2411, 51218, 57.04
CYIENT, EQ, 12-Feb-2026, 1061.90, 1055.00, 1058.30, 1012.00, 1015.80, 1017.00, 1024.64, 400280, 4101.42, 31037, 204400, 51.06
CYIENTDLM, EQ, 12-Feb-2026, 360.15, 358.75, 367.20, 353.85, 364.45, 364.45, 362.27, 203585, 737.53, 10975, 109040, 53.56
DABUR, EQ, 12-Feb-2026, 522.35, 520.65, 522.85, 516.10, 519.75, 519.55, 519.50, 911264, 4734.02, 29465, 526531, 57.78
DALBHARAT, EQ, 12-Feb-2026, 2175.20, 2170.90, 2185.00, 2153.00, 2172.00, 2171.20, 2164.64, 90252, 1953.63, 7487, 44980, 49.84
DALMIASUG, EQ, 12-Feb-2026, 299.30, 299.30, 302.95, 298.35, 302.00, 299.90, 300.32, 49716, 149.31, 1832, 24951, 50.19
DAMCAPITAL, EQ, 12-Feb-2026, 166.53, 167.19, 167.19, 163.00, 165.45, 165.04, 164.76, 729030, 1201.11, 6325, 517646, 71.00
DAMODARIND, EQ, 12-Feb-2026, 26.93, 27.69, 27.70, 26.26, 26.40, 26.30, 26.55, 10541, 2.80, 76, 10092, 95.74
DANGEE, EQ, 12-Feb-2026, 3.17, 3.20, 3.68, 3.12, 3.62, 3.59, 3.50, 621148, 21.73, 710, 374701, 60.32
DANISH, SM, 12-Feb-2026, 711.80, 710.00, 735.00, 687.20, 697.00, 694.75, 707.54, 20400, 144.34, 122, 12600, 61.76
DATAMATICS, EQ, 12-Feb-2026, 779.05, 775.00, 775.00, 753.00, 755.70, 758.30, 762.20, 41497, 316.29, 2819, 19643, 47.34
DATAPATTNS, EQ, 12-Feb-2026, 2832.70, 2827.00, 2827.00, 2751.30, 2785.90, 2783.30, 2783.77, 288158, 8021.65, 25342, 84918, 29.47
DAVANGERE, EQ, 12-Feb-2026, 4.62, 4.62, 4.62, 4.44, 4.52, 4.50, 4.50, 2628407, 118.35, 2431, 1340869, 51.01
DBCORP, EQ, 12-Feb-2026, 240.23, 240.20, 242.25, 236.75, 238.45, 238.47, 238.25, 84790, 202.01, 2760, 46945, 55.37
DBEIL, EQ, 12-Feb-2026, 92.89, 91.62, 92.88, 91.05, 91.05, 91.46, 91.91, 16968, 15.60, 360, 11450, 67.48
DBL, EQ, 12-Feb-2026, 453.75, 455.95, 461.90, 447.00, 452.20, 453.40, 455.04, 155924, 709.51, 6395, 55803, 35.79
DBOL, EQ, 12-Feb-2026, 100.36, 101.85, 102.69, 99.61, 99.90, 100.46, 100.71, 82425, 83.01, 1030, 45743, 55.50
DBREALTY, EQ, 12-Feb-2026, 129.12, 133.00, 137.00, 129.31, 130.47, 131.57, 132.17, 8629099, 11405.50, 64018, 1369199, 15.87
DBSTOCKBRO, EQ, 12-Feb-2026, 25.29, 25.29, 25.49, 24.80, 24.97, 24.96, 25.13, 259, 0.07, 29, 56, 21.62
DCAL, EQ, 12-Feb-2026, 209.59, 209.10, 211.49, 207.00, 208.00, 208.68, 208.65, 185444, 386.94, 2906, 105572, 56.93
DCBBANK, EQ, 12-Feb-2026, 194.08, 194.09, 194.25, 189.01, 190.50, 190.31, 191.62, 1104005, 2115.49, 15880, 483210, 43.77
DCCL, SM, 12-Feb-2026, 42.40, 43.10, 43.60, 43.00, 43.60, 43.60, 43.23, 6000, 2.59, 3, 6000, 100.00
DCG, SM, 12-Feb-2026, 60.90, 59.55, 60.90, 59.55, 59.65, 60.25, 60.03, 3600, 2.16, 3, 3600, 100.00
DCI, EQ, 12-Feb-2026, 233.96, 238.00, 245.00, 231.12, 243.90, 242.11, 238.30, 6580, 15.68, 399, 4555, 69.22
DCM, EQ, 12-Feb-2026, 87.00, 87.90, 87.90, 85.65, 86.51, 86.66, 86.54, 4251, 3.68, 142, 2868, 67.47
DCMFINSERV, EQ, 12-Feb-2026, 4.45, 4.26, 4.74, 4.26, 4.33, 4.42, 4.36, 20326, 0.89, 195, 12578, 61.88
DCMNVL, EQ, 12-Feb-2026, 139.75, 139.77, 144.50, 136.95, 144.00, 143.55, 142.55, 8164, 11.64, 275, 4592, 56.25
DCMSHRIRAM, EQ, 12-Feb-2026, 1147.00, 1141.50, 1146.00, 1130.00, 1132.00, 1132.60, 1137.24, 16670, 189.58, 3168, 8735, 52.40
DCMSRIND, EQ, 12-Feb-2026, 39.21, 39.90, 39.90, 38.59, 39.50, 39.27, 39.30, 65615, 25.78, 903, 34033, 51.87
DCW, EQ, 12-Feb-2026, 54.22, 54.95, 54.99, 52.50, 52.69, 52.80, 53.47, 568599, 304.02, 3785, 240276, 42.26
DCXINDIA, EQ, 12-Feb-2026, 168.98, 168.95, 170.75, 165.52, 167.06, 166.57, 167.75, 420957, 706.17, 7717, 171939, 40.84
DDEVPLSTIK, EQ, 12-Feb-2026, 296.75, 296.75, 296.75, 286.00, 287.00, 287.55, 290.24, 55877, 162.18, 1603, 32753, 58.62
DECCANCE, EQ, 12-Feb-2026, 720.55, 734.50, 734.50, 670.00, 695.00, 699.00, 696.10, 71183, 495.50, 2933, 30236, 42.48
DECCANTRAN, SM, 12-Feb-2026, 22.80, 22.80, 24.15, 22.80, 24.15, 24.15, 23.84, 6000, 1.43, 5, 6000, 100.00
DEEDEV, EQ, 12-Feb-2026, 211.76, 212.00, 216.50, 208.59, 213.25, 211.36, 211.50, 72995, 154.38, 1853, 35747, 48.97
DEEPAKFERT, EQ, 12-Feb-2026, 1061.90, 1068.70, 1068.70, 1029.00, 1043.00, 1044.50, 1045.35, 194766, 2035.98, 14204, 86947, 44.64
DEEPAKNTR, EQ, 12-Feb-2026, 1672.80, 1685.00, 1685.10, 1639.00, 1655.10, 1657.30, 1656.04, 100761, 1668.65, 8594, 52946, 52.55
DEEPINDS, EQ, 12-Feb-2026, 388.30, 393.80, 421.00, 385.70, 410.00, 408.45, 410.05, 378403, 1551.63, 9695, 143773, 37.99
DELAPLEX, SM, 12-Feb-2026, 117.10, 115.55, 115.55, 110.35, 114.85, 114.30, 112.72, 11400, 12.85, 17, 10200, 89.47
DELHIVERY, EQ, 12-Feb-2026, 429.50, 428.05, 431.30, 421.95, 428.40, 429.55, 426.50, 1754451, 7482.78, 43564, 983273, 56.04
DELPHIFX, EQ, 12-Feb-2026, 233.89, 237.40, 237.40, 226.10, 227.45, 228.13, 231.48, 187869, 434.87, 3784, 76583, 40.76
DELTACORP, EQ, 12-Feb-2026, 69.13, 69.20, 70.49, 67.90, 67.90, 68.23, 68.72, 803007, 551.85, 5055, 386325, 48.11
DELTAMAGNT, EQ, 12-Feb-2026, 62.00, 61.79, 73.38, 61.79, 66.74, 66.00, 68.39, 32918, 22.51, 983, 12231, 37.16
DELTIC, SM, 12-Feb-2026, 40.00, 41.45, 42.50, 39.80, 41.75, 41.75, 41.14, 35000, 14.40, 30, 29000, 82.86
DEN, EQ, 12-Feb-2026, 29.35, 29.43, 29.43, 28.81, 28.87, 29.04, 28.99, 196660, 57.02, 1121, 98413, 50.04
DENEERS, SM, 12-Feb-2026, 160.45, 158.45, 163.00, 158.45, 160.00, 159.95, 160.26, 21600, 34.62, 30, 11400, 52.78
DENORA, EQ, 12-Feb-2026, 650.10, 648.00, 649.20, 625.00, 627.00, 630.85, 635.58, 4765, 30.29, 506, 2397, 50.30
DENTA, EQ, 12-Feb-2026, 302.55, 308.60, 319.00, 295.30, 303.15, 303.40, 310.37, 397057, 1232.33, 7832, 137744, 34.69
DENTALKART, SM, 12-Feb-2026, 492.95, 515.00, 515.00, 498.05, 503.10, 504.10, 502.64, 31500, 158.33, 95, 24500, 77.78
DESTINY, SM, 12-Feb-2026, 119.00, 124.00, 124.00, 124.00, 124.00, 124.00, 124.00, 15000, 18.60, 4, 15000, 100.00
DEVIT, EQ, 12-Feb-2026, 29.80, 29.51, 30.45, 29.26, 29.26, 29.30, 29.65, 71511, 21.21, 804, 45893, 64.18
DEVX, EQ, 12-Feb-2026, 40.93, 41.00, 41.00, 39.51, 40.24, 39.77, 40.46, 150265, 60.79, 701, 89694, 59.69
DEVYANI, EQ, 12-Feb-2026, 135.52, 135.71, 135.72, 132.22, 133.50, 133.89, 133.59, 1559705, 2083.63, 26311, 452228, 28.99
DGCONTENT, EQ, 12-Feb-2026, 28.29, 28.89, 29.75, 27.50, 28.11, 28.41, 28.48, 20141, 5.74, 159, 17109, 84.95
DHAMPURSUG, EQ, 12-Feb-2026, 120.25, 120.67, 121.79, 116.91, 119.25, 118.48, 119.29, 219624, 261.98, 3006, 91315, 41.58
DHANBANK, EQ, 12-Feb-2026, 24.18, 24.20, 24.25, 23.79, 24.00, 23.91, 23.93, 551532, 132.00, 1967, 319384, 57.91
DHANLAXMI, SM, 12-Feb-2026, 28.00, 28.50, 28.50, 28.50, 28.50, 28.50, 28.50, 2000, 0.57, 1, 2000, 100.00
DHANUKA, EQ, 12-Feb-2026, 1149.40, 1150.00, 1150.00, 1117.70, 1140.00, 1128.00, 1129.55, 27026, 305.27, 3117, 11494, 42.53
DHARAN, BZ, 12-Feb-2026, 0.18, 0.18, 0.19, 0.17, 0.19, 0.18, 0.18, 64006158, 115.75, 3918, -, -
DHARARAIL, SM, 12-Feb-2026, 118.40, 118.00, 118.50, 117.10, 117.15, 117.40, 117.72, 8000, 9.42, 8, 5000, 62.50
DHARIWAL, ST, 12-Feb-2026, 74.95, 73.50, 73.50, 73.50, 73.50, 73.50, 73.50, 6000, 4.41, 2, 6000, 100.00
DHARMAJ, EQ, 12-Feb-2026, 240.07, 241.27, 244.64, 237.31, 240.00, 240.10, 239.65, 70548, 169.07, 1496, 55099, 78.10
DHRUV, EQ, 12-Feb-2026, 33.86, 35.38, 35.38, 28.65, 29.00, 29.32, 29.95, 250642, 75.06, 835, 204231, 81.48
DHTL, ST, 12-Feb-2026, 57.60, 57.45, 57.45, 57.45, 57.45, 57.45, 57.45, 800, 0.46, 1, 800, 100.00
DHUNINV, EQ, 12-Feb-2026, 998.00, 1040.00, 1040.00, 951.30, 958.50, 962.00, 974.73, 1238, 12.07, 191, 895, 72.29
DIACABS, EQ, 12-Feb-2026, 134.11, 134.69, 136.26, 131.80, 133.95, 133.69, 133.97, 1001345, 1341.47, 6741, 364424, 36.39
DIAMINESQ, EQ, 12-Feb-2026, 254.15, 254.05, 257.20, 240.10, 247.00, 242.80, 246.28, 5056, 12.45, 203, 1842, 36.43
DIAMONDYD, EQ, 12-Feb-2026, 1079.00, 1071.30, 1084.00, 1062.10, 1075.50, 1079.20, 1077.74, 7312, 78.80, 521, 4895, 66.94
DICIND, EQ, 12-Feb-2026, 530.65, 531.95, 532.05, 515.00, 527.15, 523.70, 523.23, 1196, 6.26, 93, 875, 73.16
DIFFNKG, EQ, 12-Feb-2026, 265.59, 262.20, 279.00, 262.01, 279.00, 275.45, 270.71, 71082, 192.42, 2292, 32227, 45.34
DIGIDRIVE, EQ, 12-Feb-2026, 23.09, 23.48, 23.48, 22.55, 23.45, 22.87, 23.14, 13258, 3.07, 264, 11680, 88.10
DIGIKORE, SM, 12-Feb-2026, 76.80, 74.00, 77.00, 74.00, 76.80, 75.80, 75.68, 18000, 13.62, 25, 16800, 93.33
DIGISPICE, EQ, 12-Feb-2026, 20.68, 20.69, 21.42, 20.25, 20.42, 20.62, 20.64, 241553, 49.87, 905, 93912, 38.88
DIGITIDE, EQ, 12-Feb-2026, 115.52, 118.00, 118.00, 111.50, 113.00, 113.05, 113.21, 166430, 188.41, 2383, 100294, 60.26
DIGJAMLMTD, EQ, 12-Feb-2026, 49.81, 49.80, 51.90, 49.10, 50.99, 50.25, 50.45, 8784, 4.43, 313, 2577, 29.34
DISHTV, EQ, 12-Feb-2026, 3.49, 3.44, 3.52, 3.32, 3.33, 3.33, 3.39, 7527448, 255.07, 4231, 4291198, 57.01
DIVGIITTS, EQ, 12-Feb-2026, 650.05, 660.00, 669.90, 624.20, 655.20, 657.85, 657.02, 12840, 84.36, 906, 8309, 64.71
DIVIDEND, EQ, 12-Feb-2026, 37.38, 37.38, 37.39, 36.80, 36.89, 36.91, 37.05, 22093, 8.19, 162, 13726, 62.13
DIVINEHIRA, ST, 12-Feb-2026, 243.00, 243.00, 250.00, 243.00, 250.00, 250.00, 247.95, 35200, 87.28, 14, 33600, 95.45
DIVISLAB, EQ, 12-Feb-2026, 6386.50, 6448.00, 6448.00, 6131.50, 6173.50, 6185.00, 6229.74, 1200795, 74806.35, 104048, 681664, 56.77
DIVOPPBEES, EQ, 12-Feb-2026, 84.66, 82.12, 84.66, 82.12, 83.53, 83.58, 83.74, 66720, 55.87, 1311, 41938, 62.86
DIXON, EQ, 12-Feb-2026, 11741.00, 11740.00, 11779.00, 11590.00, 11600.00, 11626.00, 11664.03, 288312, 33628.79, 38575, 75343, 26.13
DJML, BE, 12-Feb-2026, 96.68, 95.50, 98.45, 92.25, 94.30, 94.47, 93.91, 23612, 22.17, 128, -, -
DKEGL, SM, 12-Feb-2026, 72.00, 70.00, 76.90, 68.40, 76.90, 76.90, 71.46, 7500, 5.36, 5, 6000, 80.00
DLF, EQ, 12-Feb-2026, 672.05, 670.10, 670.25, 650.10, 650.55, 651.80, 658.50, 3109096, 20473.27, 43221, 1502347, 48.32
DLINKINDIA, EQ, 12-Feb-2026, 411.95, 408.95, 412.95, 404.15, 404.70, 406.35, 408.50, 40117, 163.88, 1859, 23405, 58.34
DMART, EQ, 12-Feb-2026, 4003.70, 4000.00, 4000.00, 3947.60, 3957.60, 3963.00, 3963.99, 197205, 7817.19, 18625, 105631, 53.56
DMCC, EQ, 12-Feb-2026, 255.63, 259.50, 262.60, 252.01, 254.00, 256.16, 255.47, 21340, 54.52, 528, 14514, 68.01
DNAMEDIA, EQ, 12-Feb-2026, 3.79, 3.87, 3.87, 3.61, 3.68, 3.67, 3.72, 14807, 0.55, 174, 11219, 75.77
DODLA, EQ, 12-Feb-2026, 1231.80, 1231.80, 1240.20, 1220.00, 1220.00, 1222.70, 1224.99, 12887, 157.87, 2332, 6735, 52.26
DOLATALGO, EQ, 12-Feb-2026, 79.11, 79.51, 79.51, 77.01, 77.20, 77.57, 77.95, 109397, 85.27, 1616, 52714, 48.19
DOLLAR, EQ, 12-Feb-2026, 335.05, 320.00, 328.95, 304.60, 312.80, 312.05, 313.65, 362798, 1137.93, 17229, 188843, 52.05
DOLLEX, SM, 12-Feb-2026, 35.75, 33.90, 35.60, 33.90, 35.60, 35.60, 34.75, 8000, 2.78, 2, 8000, 100.00
DOLPHIN, EQ, 12-Feb-2026, 430.45, 448.25, 448.65, 415.35, 417.25, 420.90, 428.15, 13635, 58.38, 591, 6325, 46.39
DOMS, EQ, 12-Feb-2026, 2461.90, 2461.90, 2462.00, 2406.50, 2415.80, 2413.70, 2419.01, 27535, 666.08, 5831, 12436, 45.16
DONEAR, EQ, 12-Feb-2026, 96.39, 94.90, 98.99, 94.22, 95.20, 96.38, 95.80, 48583, 46.54, 1130, 20974, 43.17
DPABHUSHAN, EQ, 12-Feb-2026, 1269.00, 1269.00, 1269.00, 1240.10, 1241.50, 1248.60, 1252.91, 6275, 78.62, 611, 4105, 65.42
DPEL, ST, 12-Feb-2026, 303.90, 302.00, 302.00, 297.85, 297.85, 297.85, 299.54, 5000, 14.98, 10, 5000, 100.00
DPSCLTD, EQ, 12-Feb-2026, 9.78, 9.78, 9.99, 9.56, 9.93, 9.86, 9.82, 122354, 12.01, 765, 87479, 71.50
DPWIRES, EQ, 12-Feb-2026, 170.41, 170.80, 172.24, 168.00, 168.55, 169.12, 169.48, 9846, 16.69, 438, 5433, 55.18
DRCSYSTEMS, EQ, 12-Feb-2026, 17.01, 16.99, 16.99, 16.40, 16.61, 16.66, 16.72, 27763, 4.64, 351, 25163, 90.64
DREAMFOLKS, EQ, 12-Feb-2026, 92.58, 92.99, 93.46, 90.61, 91.00, 91.21, 91.48, 80721, 73.84, 1831, 36705, 45.47
DREDGECORP, EQ, 12-Feb-2026, 1015.60, 1017.80, 1038.00, 1004.10, 1006.00, 1009.00, 1018.98, 186449, 1899.87, 9452, 39816, 21.35
DRONE, SM, 12-Feb-2026, 51.90, 52.65, 52.65, 47.00, 50.05, 50.15, 49.95, 31500, 15.74, 55, 20000, 63.49
DRREDDY, EQ, 12-Feb-2026, 1270.30, 1268.90, 1277.60, 1261.50, 1272.00, 1274.90, 1271.91, 981247, 12480.62, 57021, 609772, 62.14
DRSDILIP, SM, 12-Feb-2026, 73.50, 77.00, 77.00, 77.00, 77.00, 77.00, 77.00, 800, 0.62, 1, 800, 100.00
DSSL, EQ, 12-Feb-2026, 966.35, 968.00, 968.00, 940.30, 942.00, 947.90, 950.35, 21757, 206.77, 1919, 11268, 51.79
DTIL, EQ, 12-Feb-2026, 145.27, 149.00, 151.00, 144.00, 144.00, 144.65, 146.74, 5969, 8.76, 251, 3567, 59.76
DUCOL, SM, 12-Feb-2026, 148.50, 146.50, 146.50, 140.00, 141.90, 140.95, 142.30, 9600, 13.66, 12, 6400, 66.67
DUCON, EQ, 12-Feb-2026, 3.98, 4.04, 4.07, 3.88, 3.93, 3.94, 3.98, 1307745, 52.03, 1300, 682488, 52.19
DUGLOBAL, SM, 12-Feb-2026, 29.75, 31.90, 32.45, 31.85, 32.30, 32.05, 32.13, 35000, 11.25, 13, 32500, 92.86
DURLAX, SM, 12-Feb-2026, 49.25, 47.15, 48.35, 46.00, 47.80, 47.80, 47.35, 94000, 44.51, 46, 54000, 57.45
DVL, EQ, 12-Feb-2026, 264.55, 260.55, 260.55, 254.25, 258.55, 257.80, 257.21, 12050, 30.99, 505, 6490, 53.86
DWARKESH, EQ, 12-Feb-2026, 36.50, 37.00, 37.45, 36.00, 36.01, 36.17, 36.45, 471474, 171.87, 2208, 233995, 49.63
DYCL, EQ, 12-Feb-2026, 306.40, 306.00, 310.00, 301.25, 302.00, 303.40, 303.80, 93158, 283.01, 2811, 44974, 48.28
DYNAMATECH, EQ, 12-Feb-2026, 9479.00, 9515.00, 9819.00, 9368.00, 9695.00, 9703.00, 9638.35, 26747, 2577.97, 8381, 7859, 29.38
DYNAMIC, SM, 12-Feb-2026, 119.00, 125.00, 125.00, 116.20, 122.35, 122.45, 120.61, 5500, 6.63, 11, 4000, 72.73
DYNPRO, EQ, 12-Feb-2026, 250.22, 251.45, 254.95, 249.90, 253.03, 252.82, 252.56, 9200, 23.24, 534, 5013, 54.49
E2E, EQ, 12-Feb-2026, 2632.80, 2637.00, 2637.00, 2542.10, 2556.00, 2550.60, 2570.73, 87937, 2260.62, 10638, 44174, 50.23
E2ERAIL, SM, 12-Feb-2026, 217.75, 215.00, 248.00, 215.00, 235.00, 235.90, 225.12, 131200, 295.35, 73, 116000, 88.41
EASEMYTRIP, EQ, 12-Feb-2026, 6.94, 6.93, 6.93, 6.75, 6.80, 6.78, 6.80, 6946996, 472.23, 7975, 3030891, 43.63
EASTSILK, BE, 12-Feb-2026, 70.00, 69.00, 69.00, 66.50, 66.50, 66.50, 66.54, 420, 0.28, 27, -, -
EBANKNIFTY, EQ, 12-Feb-2026, 60.89, 61.26, 61.35, 60.89, 61.18, 61.21, 61.00, 7968, 4.86, 49, 6151, 77.20
EBBETF0430, EQ, 12-Feb-2026, 1562.76, 1564.74, 1565.32, 1561.32, 1562.10, 1562.52, 1563.20, 3299, 51.57, 281, 2417, 73.26
EBBETF0431, EQ, 12-Feb-2026, 1394.96, 1394.70, 1399.89, 1394.05, 1398.00, 1397.25, 1396.65, 7441, 103.92, 172, 4571, 61.43
EBBETF0433, EQ, 12-Feb-2026, 1272.02, 1273.50, 1279.49, 1273.12, 1274.50, 1277.77, 1277.35, 8063, 102.99, 118, 6573, 81.52
EBGNG, EQ, 12-Feb-2026, 333.70, 334.95, 345.00, 325.00, 330.00, 329.35, 334.12, 163515, 546.34, 5818, 85705, 52.41
ECAPINSURE, EQ, 12-Feb-2026, 24.39, 24.51, 24.51, 24.02, 24.02, 24.31, 24.24, 